{
    "$schema": "https://schema.cognitiveservices.azure.com/formrecognizer/2021-03-01/labels.json",
    "document": "color_handwrittten.pdf",
    "labels": [
        {
            "label": "FilingStatusSingle",
            "key": null,
            "value": [
                {
                    "page": 1,
                    "text": "unselected",
                    "boundingBoxes": [
                        [
                            0.1539126156504626,
                            0.06793568561958402,
                            0.17191268765075063,
                            0.06793568561958402,
                            0.17191268765075063,
                            0.08190966334642684,
                            0.1539126156504626,
                            0.08190966334642684
                        ]
                    ]
                }
            ]
        },
        {
            "label": "FilingStatusMarriedJoint",
            "key": null,
            "value": [
                {
                    "page": 1,
                    "text": "selected",
                    "boundingBoxes": [
                        [
                            0.22824091296365187,
                            0.0682509521902506,
                            0.24711698846795388,
                            0.0682509521902506,
                            0.24711698846795388,
                            0.08152623103075127,
                            0.22824091296365187,
                            0.08152623103075127
                        ]
                    ]
                }
            ]
        },
        {
            "label": "FilingStatusMFS",
            "key": null,
            "value": [
                {
                    "page": 1,
                    "text": "unselected",
                    "boundingBoxes": [
                        [
                            0.3899895599582398,
                            0.06618041768560254,
                            0.4082656330625323,
                            0.06618041768560254,
                            0.4082656330625323,
                            0.07962611088862569,
                            0.3899895599582398,
                            0.07962611088862569
                        ]
                    ]
                }
            ]
        },
        {
            "label": "FilingStatusHOH",
            "key": null,
            "value": [
                {
                    "page": 1,
                    "text": "unselected",
                    "boundingBoxes": [
                        [
                            0.6134664538658154,
                            0.06421213179846798,
                            0.6313105252421011,
                            0.06421213179846798,
                            0.6313105252421011,
                            0.07751297279334701,
                            0.6134664538658154,
                            0.07751297279334701
                        ]
                    ]
                }
            ]
        },
        {
            "label": "FilingStatsQW",
            "key": null,
            "value": [
                {
                    "page": 1,
                    "text": "unselected",
                    "boundingBoxes": [
                        [
                            0.80061920247681,
                            0.06197118293129744,
                            0.8183912735650942,
                            0.06197118293129744,
                            0.8183912735650942,
                            0.07501640238239278,
                            0.80061920247681,
                            0.07501640238239278
                        ]
                    ]
                }
            ]
        },
        {
            "label": "FirstName",
            "key": null,
            "value": [
                {
                    "page": 1,
                    "text": "JAE",
                    "boundingBoxes": [
                        [
                            0.07090828363313453,
                            0.13368154668075424,
                            0.11064044256177026,
                            0.13368154668075424,
                            0.11064044256177026,
                            0.15017765697292967,
                            0.07152028608114433,
                            0.15060369287923586
                        ]
                    ]
                },
                {
                    "page": 1,
                    "text": "HOON",
                    "boundingBoxes": [
                        [
                            0.11858447433789736,
                            0.13368154668075424,
                            0.16809667238668957,
                            0.13411610330518656,
                            0.16870867483469934,
                            0.14974310034849736,
                            0.11858447433789736,
                            0.15017765697292967
                        ]
                    ]
                }
            ]
        },
        {
            "label": "LastName",
            "key": null,
            "value": [
                {
                    "page": 1,
                    "text": "JUNG",
                    "boundingBoxes": [
                        [
                            0.42360169440677764,
                            0.1293445011545573,
                            0.4792219168876676,
                            0.1302050936852958,
                            0.477997911991648,
                            0.1462666473530389,
                            0.4229896919587679,
                            0.14365930760644507
                        ]
                    ]
                }
            ]
        },
        {
            "label": "SpouseFirstName",
            "key": null,
            "value": [
                {
                    "page": 1,
                    "text": "KYU",
                    "boundingBoxes": [
                        [
                            0.06723626894507578,
                            0.1684034730447082,
                            0.10880443521774087,
                            0.16753435979584358,
                            0.10941643766575068,
                            0.18403047008801904,
                            0.06784827139308558,
                            0.18403047008801904
                        ]
                    ]
                },
                {
                    "page": 1,
                    "text": "YEOL",
                    "boundingBoxes": [
                        [
                            0.12103248412993652,
                            0.16753435979584358,
                            0.17114468457873833,
                            0.16666524654697898,
                            0.17175668702674812,
                            0.18316135683915438,
                            0.12103248412993652,
                            0.1835959134635867
                        ]
                    ]
                }
            ]
        },
        {
            "label": "SpouseLastName",
            "key": null,
            "value": [
                {
                    "page": 1,
                    "text": "PAIK",
                    "boundingBoxes": [
                        [
                            0.42237768951075805,
                            0.1605899745230528,
                            0.46760587042348173,
                            0.1597208612741882,
                            0.4682178728714915,
                            0.175347858317499,
                            0.4229896919587679,
                            0.1762169715663636
                        ]
                    ]
                }
            ]
        },
        {
            "label": "SSN",
            "key": null,
            "value": [
                {
                    "page": 1,
                    "text": "123",
                    "boundingBoxes": [
                        [
                            0.8068472273889096,
                            0.12326070841250501,
                            0.8416953667814672,
                            0.1228261517880727,
                            0.8423073692294769,
                            0.1380185922069512,
                            0.8080712322849292,
                            0.13845314883138352
                        ]
                    ]
                },
                {
                    "page": 1,
                    "text": "169",
                    "boundingBoxes": [
                        [
                            0.8471913887655551,
                            0.1228261517880727,
                            0.881427525710103,
                            0.12196555925733421,
                            0.8820275281101125,
                            0.1375840355825189,
                            0.8484153936615747,
                            0.1380185922069512
                        ]
                    ]
                },
                {
                    "page": 1,
                    "text": "0151",
                    "boundingBoxes": [
                        [
                            0.8985395941583767,
                            0.12153100263290188,
                            0.9449917799671199,
                            0.12022733275960498,
                            0.9456037824151297,
                            0.1367149223336543,
                            0.8985395941583767,
                            0.13714947895808657
                        ]
                    ]
                }
            ]
        },
        {
            "label": "SpouseSSN",
            "key": null,
            "value": [
                {
                    "page": 1,
                    "text": "911",
                    "boundingBoxes": [
                        [
                            0.8111312445249782,
                            0.1532110326258297,
                            0.8416953667814672,
                            0.1523419193769651,
                            0.8423073692294769,
                            0.1692725862935728,
                            0.8117432469729879,
                            0.17014169954243744
                        ]
                    ]
                },
                {
                    "page": 1,
                    "text": "/3",
                    "boundingBoxes": [
                        [
                            0.8606434425737703,
                            0.1523419193769651,
                            0.880815523262093,
                            0.15190736275253278,
                            0.881427525710103,
                            0.16883802966914052,
                            0.8612554450217802,
                            0.16883802966914052
                        ]
                    ]
                },
                {
                    "page": 1,
                    "text": "0069",
                    "boundingBoxes": [
                        [
                            0.8967035868143474,
                            0.15190736275253278,
                            0.9504878019512079,
                            0.15147280612810046,
                            0.9504878019512079,
                            0.1679689164202759,
                            0.8967035868143474,
                            0.1684034730447082
                        ]
                    ]
                }
            ]
        },
        {
            "label": "Address",
            "key": null,
            "value": [
                {
                    "page": 1,
                    "text": "FULHAM",
                    "boundingBoxes": [
                        [
                            0.06235224940899763,
                            0.1992229105068975,
                            0.13630854523418093,
                            0.19791924063360058,
                            0.13692054768219075,
                            0.2135377169587853,
                            0.06296425185700744,
                            0.21484138683208218
                        ]
                    ]
                },
                {
                    "page": 1,
                    "text": "RD,",
                    "boundingBoxes": [
                        [
                            0.1577046308185233,
                            0.19748468400916827,
                            0.20415681662726654,
                            0.19661557076030367,
                            0.2047688190752763,
                            0.2126771244280468,
                            0.15831663326653306,
                            0.2131116810524791
                        ]
                    ]
                },
                {
                    "page": 1,
                    "text": "APT",
                    "boundingBoxes": [
                        [
                            0.2127128508514034,
                            0.19618101413587136,
                            0.2487729950919804,
                            0.19574645751143904,
                            0.24938499753999016,
                            0.2126771244280468,
                            0.21332485329941323,
                            0.2126771244280468
                        ]
                    ]
                },
                {
                    "page": 1,
                    "text": "69",
                    "boundingBoxes": [
                        [
                            0.2622250489001956,
                            0.19574645751143904,
                            0.29095316381265524,
                            0.19531190088700673,
                            0.29095316381265524,
                            0.2126771244280468,
                            0.2622250489001956,
                            0.2126771244280468
                        ]
                    ]
                }
            ]
        },
        {
            "label": "City",
            "key": null,
            "value": [
                {
                    "page": 1,
                    "text": "LONDON",
                    "boundingBoxes": [
                        [
                            0.06907227628910516,
                            0.22916471400209606,
                            0.1387565550262201,
                            0.22829560075323146,
                            0.1387565550262201,
                            0.24392259779654227,
                            0.06968427873711495,
                            0.2447917110454069
                        ]
                    ]
                }
            ]
        },
        {
            "label": "ForeignCountry",
            "key": null,
            "value": [
                {
                    "page": 1,
                    "text": "United",
                    "boundingBoxes": [
                        [
                            0.18398473593894377,
                            0.2513015396937654,
                            0.24938499753999016,
                            0.2513015396937654,
                            0.2487729950919804,
                            0.26866676323480543,
                            0.18337273349093397,
                            0.26866676323480543
                        ]
                    ]
                },
                {
                    "page": 1,
                    "text": "Kingdom",
                    "boundingBoxes": [
                        [
                            0.2585530342121368,
                            0.2513015396937654,
                            0.3367933471733887,
                            0.2513015396937654,
                            0.3374053496213985,
                            0.2682322066103731,
                            0.2585530342121368,
                            0.2682322066103731
                        ]
                    ]
                }
            ]
        },
        {
            "label": "ForeignProvince",
            "key": null,
            "value": [
                {
                    "page": 1,
                    "text": "LONDON",
                    "boundingBoxes": [
                        [
                            0.5122220488881957,
                            0.25477799268922385,
                            0.5825183300733203,
                            0.2530397661914946,
                            0.5831303325213301,
                            0.26692853673707617,
                            0.5122220488881957,
                            0.2682322066103731
                        ]
                    ]
                }
            ]
        },
        {
            "label": "ForeignPostal",
            "key": null,
            "value": [
                {
                    "page": 1,
                    "text": "02969",
                    "boundingBoxes": [
                        [
                            0.7047748190992764,
                            0.24999786982046848,
                            0.7658910635642543,
                            0.24912875657160385,
                            0.7658910635642543,
                            0.26258297049275314,
                            0.7053868215472862,
                            0.26301752711718546
                        ]
                    ]
                }
            ]
        },
        {
            "label": "PresidentialElectionCampaignYou",
            "key": null,
            "value": [
                {
                    "page": 1,
                    "text": "selected",
                    "boundingBoxes": [
                        [
                            0.8591434365737464,
                            0.24716047068446928,
                            0.8759555038220154,
                            0.24716047068446928,
                            0.8759555038220154,
                            0.259404742631709,
                            0.8591434365737464,
                            0.259404742631709
                        ]
                    ]
                }
            ]
        },
        {
            "label": "PresidentialElectionCampaignSpouse",
            "key": null,
            "value": [
                {
                    "page": 1,
                    "text": "selected",
                    "boundingBoxes": [
                        [
                            0.9219156876627507,
                            0.2466918311875325,
                            0.9389797559190237,
                            0.2466918311875325,
                            0.9389797559190237,
                            0.25893610313477217,
                            0.9219156876627507,
                            0.25893610313477217
                        ]
                    ]
                }
            ]
        },
        {
            "label": "FinancialInterestYes",
            "key": null,
            "value": [
                {
                    "page": 1,
                    "text": "unselected",
                    "boundingBoxes": [
                        [
                            0.8585194340777363,
                            0.26842818312727396,
                            0.8766395065580262,
                            0.26842818312727396,
                            0.8766395065580262,
                            0.2812518639070901,
                            0.8585194340777363,
                            0.2812518639070901
                        ]
                    ]
                }
            ]
        },
        {
            "label": "FinancialInterestNo",
            "key": null,
            "value": [
                {
                    "page": 1,
                    "text": "selected",
                    "boundingBoxes": [
                        [
                            0.9212556850227401,
                            0.2678232121403192,
                            0.9395317581270325,
                            0.2678232121403192,
                            0.9395317581270325,
                            0.2806554136382614,
                            0.9212556850227401,
                            0.2806554136382614
                        ]
                    ]
                }
            ]
        },
        {
            "label": "StandardDeductionSelf",
            "key": null,
            "value": [
                {
                    "page": 1,
                    "text": "unselected",
                    "boundingBoxes": [
                        [
                            0.3046932187728751,
                            0.2965209907891037,
                            0.32191328765315064,
                            0.2965209907891037,
                            0.32191328765315064,
                            0.3087908248907218,
                            0.3046932187728751,
                            0.3087908248907218
                        ]
                    ]
                }
            ]
        },
        {
            "label": "StandardDeductionSpouse",
            "key": null,
            "value": [
                {
                    "page": 1,
                    "text": "unselected",
                    "boundingBoxes": [
                        [
                            0.47685790743162976,
                            0.29474868141886995,
                            0.4935859743438974,
                            0.29474868141886995,
                            0.4935859743438974,
                            0.30677141469483044,
                            0.47685790743162976,
                            0.30677141469483044
                        ]
                    ]
                }
            ]
        },
        {
            "label": "StandardDeductionOther",
            "key": null,
            "value": [
                {
                    "page": 1,
                    "text": "unselected",
                    "boundingBoxes": [
                        [
                            0.1566006264025056,
                            0.31388621433014374,
                            0.17479269917079668,
                            0.31388621433014374,
                            0.17479269917079668,
                            0.32668433295558147,
                            0.1566006264025056,
                            0.32668433295558147
                        ]
                    ]
                }
            ]
        },
        {
            "label": "BornBefore",
            "key": null,
            "value": [
                {
                    "page": 1,
                    "text": "unselected",
                    "boundingBoxes": [
                        [
                            0.19348877395509584,
                            0.33589522924992116,
                            0.21088884355537424,
                            0.33589522924992116,
                            0.21088884355537424,
                            0.3480372525796474,
                            0.19348877395509584,
                            0.3480372525796474
                        ]
                    ]
                }
            ]
        },
        {
            "label": "Blind",
            "key": null,
            "value": [
                {
                    "page": 1,
                    "text": "unselected",
                    "boundingBoxes": [
                        [
                            0.43982575930303724,
                            0.332989664368913,
                            0.4566258265033061,
                            0.332989664368913,
                            0.4566258265033061,
                            0.34554068216869316,
                            0.43982575930303724,
                            0.34554068216869316
                        ]
                    ]
                }
            ]
        },
        {
            "label": "SpouseBornBefore",
            "key": null,
            "value": [
                {
                    "page": 1,
                    "text": "unselected",
                    "boundingBoxes": [
                        [
                            0.6115704462817851,
                            0.33069759119298575,
                            0.6290785163140653,
                            0.33069759119298575,
                            0.6290785163140653,
                            0.34315488109337855,
                            0.6115704462817851,
                            0.34315488109337855
                        ]
                    ]
                }
            ]
        },
        {
            "label": "SpouseBlind",
            "key": null,
            "value": [
                {
                    "page": 1,
                    "text": "unselected",
                    "boundingBoxes": [
                        [
                            0.8619034476137906,
                            0.3267354572643382,
                            0.8795435181740728,
                            0.3267354572643382,
                            0.8795435181740728,
                            0.33917570572847877,
                            0.8619034476137906,
                            0.33917570572847877
                        ]
                    ]
                }
            ]
        },
        {
            "label": "WagesSalariesTips",
            "key": null,
            "value": [
                {
                    "page": 1,
                    "text": "$69.123",
                    "boundingBoxes": [
                        [
                            0.8710354841419367,
                            0.436201123030649,
                            0.9639398557594231,
                            0.43707023627951364,
                            0.9645518582074329,
                            0.4513850427314014,
                            0.8716474865899464,
                            0.45268871260469834
                        ]
                    ]
                }
            ]
        },
        {
            "label": "TotalIncome",
            "key": null,
            "value": [
                {
                    "page": 1,
                    "text": "$69,123",
                    "boundingBoxes": [
                        [
                            0.8661394645578583,
                            0.5598963880675863,
                            0.9523238092952372,
                            0.559461831443154,
                            0.9523238092952372,
                            0.5755233851108972,
                            0.8667514670058681,
                            0.5768270549841941
                        ]
                    ]
                }
            ]
        },
        {
            "label": "8814Form",
            "key": null,
            "value": [
                {
                    "page": 2,
                    "text": "unselected",
                    "boundingBoxes": [
                        [
                            0.5033900135600542,
                            0.037071322653363846,
                            0.5210660842643371,
                            0.037071322653363846,
                            0.5210660842643371,
                            0.049971285796326294,
                            0.5033900135600542,
                            0.049971285796326294
                        ]
                    ]
                }
            ]
        },
        {
            "label": "4972Form",
            "key": null,
            "value": [
                {
                    "page": 2,
                    "text": "unselected",
                    "boundingBoxes": [
                        [
                            0.5901143604574419,
                            0.03779132059622687,
                            0.6075984303937216,
                            0.03779132059622687,
                            0.6075984303937216,
                            0.05019414230245056,
                            0.5901143604574419,
                            0.05019414230245056
                        ]
                    ]
                }
            ]
        },
        {
            "label": "Form8888",
            "key": null,
            "value": [
                {
                    "page": 2,
                    "text": "unselected",
                    "boundingBoxes": [
                        [
                            0.7921111684446739,
                            0.39159316687666607,
                            0.809811239244957,
                            0.39159316687666607,
                            0.809811239244957,
                            0.40447598721146505,
                            0.7921111684446739,
                            0.40447598721146505
                        ]
                    ]
                }
            ]
        },
        {
            "label": "Checkings",
            "key": null,
            "value": [
                {
                    "page": 2,
                    "text": "unselected",
                    "boundingBoxes": [
                        [
                            0.6414625658502635,
                            0.4076645495298585,
                            0.6579866319465278,
                            0.4076645495298585,
                            0.6579866319465278,
                            0.4193388018891374,
                            0.6414625658502635,
                            0.4193388018891374
                        ]
                    ]
                }
            ]
        },
        {
            "label": "Savings",
            "key": null,
            "value": [
                {
                    "page": 2,
                    "text": "unselected",
                    "boundingBoxes": [
                        [
                            0.7400189600758403,
                            0.40781026339924736,
                            0.7572990291961169,
                            0.40781026339924736,
                            0.7572990291961169,
                            0.41995594298302,
                            0.7400189600758403,
                            0.41995594298302
                        ]
                    ]
                }
            ]
        },
        {
            "label": "AllowDiscussionYes",
            "key": null,
            "value": [
                {
                    "page": 2,
                    "text": "selected",
                    "boundingBoxes": [
                        [
                            0.697310789243157,
                            0.5267384950328713,
                            0.7153948615794463,
                            0.5267384950328713,
                            0.7153948615794463,
                            0.5394841729023631,
                            0.697310789243157,
                            0.5394841729023631
                        ]
                    ]
                }
            ]
        },
        {
            "label": "AllowDiscussionNo",
            "key": null,
            "value": [
                {
                    "page": 2,
                    "text": "unselected",
                    "boundingBoxes": [
                        [
                            0.8718874875499503,
                            0.5280327770492084,
                            0.889623558494234,
                            0.5280327770492084,
                            0.889623558494234,
                            0.5404784557758406,
                            0.8718874875499503,
                            0.5404784557758406
                        ]
                    ]
                }
            ]
        },
        {
            "label": "DesigneeName",
            "key": null,
            "value": [
                {
                    "page": 2,
                    "text": "Bernardo",
                    "boundingBoxes": [
                        [
                            0.26366505466021867,
                            0.5416613095391156,
                            0.36270145080580324,
                            0.5429641629595344,
                            0.36270145080580324,
                            0.5616326810494826,
                            0.26427705710822846,
                            0.5603298276290639
                        ]
                    ]
                },
                {
                    "page": 2,
                    "text": "Silva",
                    "boundingBoxes": [
                        [
                            0.38821355285421144,
                            0.5434013045677012,
                            0.45018180072720293,
                            0.5451412995962869,
                            0.44896979587918356,
                            0.5620612512535679,
                            0.38821355285421144,
                            0.5620612512535679
                        ]
                    ]
                }
            ]
        },
        {
            "label": "DesigneePhoneNumber",
            "key": null,
            "value": [
                {
                    "page": 2,
                    "text": "411",
                    "boundingBoxes": [
                        [
                            0.5716942867771472,
                            0.546435581612624,
                            0.5965943863775455,
                            0.5460070114085388,
                            0.5965943863775455,
                            0.5620612512535679,
                            0.5722942891771567,
                            0.5616326810494826
                        ]
                    ]
                },
                {
                    "page": 2,
                    "text": "250",
                    "boundingBoxes": [
                        [
                            0.6142224568898276,
                            0.5460070114085388,
                            0.6506666026664107,
                            0.5451412995962869,
                            0.6500666002664012,
                            0.5624983928617346,
                            0.6142224568898276,
                            0.5624983928617346
                        ]
                    ]
                },
                {
                    "page": 2,
                    "text": "98mb",
                    "boundingBoxes": [
                        [
                            0.6713306853227413,
                            0.5451412995962869,
                            0.7205428821715287,
                            0.54470415798812,
                            0.7187188748754996,
                            0.5629355344699014,
                            0.6707186828747315,
                            0.5629355344699014
                        ]
                    ]
                }
            ]
        },
        {
            "label": "DesigneePIN",
            "key": null,
            "value": [
                {
                    "page": 2,
                    "text": "112",
                    "boundingBoxes": [
                        [
                            0.859059436237745,
                            0.5512098536861323,
                            0.8967275869103477,
                            0.5520841369024659,
                            0.8961155844623379,
                            0.5655326699066574,
                            0.8584474337897352,
                            0.5659698115148242
                        ]
                    ]
                },
                {
                    "page": 2,
                    "text": "/4",
                    "boundingBoxes": [
                        [
                            0.9052236208944836,
                            0.5525127071065511,
                            0.9295357181428726,
                            0.552949848714718,
                            0.9289237156948628,
                            0.5659698115148242,
                            0.904623618494474,
                            0.5655326699066574
                        ]
                    ]
                },
                {
                    "page": 2,
                    "text": "49",
                    "boundingBoxes": [
                        [
                            0.944115776463106,
                            0.552949848714718,
                            0.9726638906555626,
                            0.552949848714718,
                            0.972051888207553,
                            0.566406953122991,
                            0.9435037740150961,
                            0.5659698115148242
                        ]
                    ]
                }
            ]
        },
        {
            "label": "Occupation",
            "key": null,
            "value": [
                {
                    "page": 2,
                    "text": "DATA",
                    "boundingBoxes": [
                        [
                            0.5662222648890596,
                            0.6171839509029974,
                            0.6099624398497595,
                            0.6180496627152494,
                            0.6099624398497595,
                            0.6336753323561932,
                            0.5662222648890596,
                            0.6328096205439412
                        ]
                    ]
                },
                {
                    "page": 2,
                    "text": "ANALYST",
                    "boundingBoxes": [
                        [
                            0.6215064860259442,
                            0.6180496627152494,
                            0.7029148116592466,
                            0.618923945931583,
                            0.7029148116592466,
                            0.634549615572527,
                            0.6215064860259442,
                            0.6336753323561932
                        ]
                    ]
                }
            ]
        },
        {
            "label": "SpouseOccupation",
            "key": null,
            "value": [
                {
                    "page": 2,
                    "text": "CHEMICAL",
                    "boundingBoxes": [
                        [
                            0.5601502406009625,
                            0.6540752740706455,
                            0.6409465637862551,
                            0.6540752740706455,
                            0.6409465637862551,
                            0.6701380853197562,
                            0.5601502406009625,
                            0.6701380853197562
                        ]
                    ]
                },
                {
                    "page": 2,
                    "text": "ENGINEER",
                    "boundingBoxes": [
                        [
                            0.6512786051144205,
                            0.6540752740706455,
                            0.736934947739791,
                            0.6540752740706455,
                            0.736934947739791,
                            0.6701380853197562,
                            0.6512786051144205,
                            0.6701380853197562
                        ]
                    ]
                }
            ]
        },
        {
            "label": "IdentityProtectionPIN",
            "key": null,
            "value": [
                {
                    "page": 2,
                    "text": "/",
                    "boundingBoxes": [
                        [
                            0.8675554702218808,
                            0.6210925111642538,
                            0.874239496957988,
                            0.6210925111642538,
                            0.874239496957988,
                            0.634549615572527,
                            0.8675554702218808,
                            0.6341124739643601
                        ]
                    ]
                },
                {
                    "page": 2,
                    "text": "(",
                    "boundingBoxes": [
                        [
                            0.8863955455821824,
                            0.6215296527724206,
                            0.893679574718299,
                            0.6215296527724206,
                            0.893679574718299,
                            0.6354153273847789,
                            0.8863955455821824,
                            0.634978185776612
                        ]
                    ]
                },
                {
                    "page": 2,
                    "text": "45",
                    "boundingBoxes": [
                        [
                            0.9082716330865325,
                            0.6215296527724206,
                            0.9331717326869308,
                            0.6215296527724206,
                            0.9331717326869308,
                            0.6362810391970308,
                            0.9082716330865325,
                            0.6358524689929458
                        ]
                    ]
                },
                {
                    "page": 2,
                    "text": "59",
                    "boundingBoxes": [
                        [
                            0.9435037740150961,
                            0.6219582229765057,
                            0.9750999003996016,
                            0.6223953645846726,
                            0.9750999003996016,
                            0.6371467510092828,
                            0.9435037740150961,
                            0.6367181808051977
                        ]
                    ]
                }
            ]
        },
        {
            "label": "SelfEmployed",
            "key": null,
            "value": [
                {
                    "page": 2,
                    "text": "unselected",
                    "boundingBoxes": [
                        [
                            0.8723074892299569,
                            0.7055036985608613,
                            0.88999555998224,
                            0.7055036985608613,
                            0.88999555998224,
                            0.7179836629038202,
                            0.8723074892299569,
                            0.7179836629038202
                        ]
                    ]
                }
            ]
        },
        {
            "label": "Dependents/First Dependent/ChildTaxCredit",
            "key": null,
            "value": [
                {
                    "page": 1,
                    "text": "unselected",
                    "boundingBoxes": [
                        [
                            0.7696350785403142,
                            0.3760192909058376,
                            0.7864471457885832,
                            0.3760192909058376,
                            0.7864471457885832,
                            0.3880931484905548,
                            0.7696350785403142,
                            0.3880931484905548
                        ]
                    ]
                }
            ]
        },
        {
            "label": "Dependents/Second Dependent/ChildTaxCredit",
            "key": null,
            "value": [
                {
                    "page": 1,
                    "text": "unselected",
                    "boundingBoxes": [
                        [
                            0.7692990771963089,
                            0.39139918712349075,
                            0.7862551450205801,
                            0.39139918712349075,
                            0.7862551450205801,
                            0.40395020492327094,
                            0.7692990771963089,
                            0.40395020492327094
                        ]
                    ]
                }
            ]
        },
        {
            "label": "Dependents/First Dependent/CreditForOtherDependents",
            "key": null,
            "value": [
                {
                    "page": 1,
                    "text": "unselected",
                    "boundingBoxes": [
                        [
                            0.9067716270865084,
                            0.3738891113743066,
                            0.9249756999027997,
                            0.3738891113743066,
                            0.9249756999027997,
                            0.3870706623154199,
                            0.9067716270865084,
                            0.3870706623154199
                        ]
                    ]
                }
            ]
        },
        {
            "label": "Dependents/Second Dependent/CreditForOtherDependents",
            "key": null,
            "value": [
                {
                    "page": 1,
                    "text": "unselected",
                    "boundingBoxes": [
                        [
                            0.9070116280465123,
                            0.3897461678070227,
                            0.9244716978867916,
                            0.3897461678070227,
                            0.9244716978867916,
                            0.402024522626767,
                            0.9070116280465123,
                            0.402024522626767
                        ]
                    ]
                }
            ]
        },
        {
            "label": "Dependents/Third Dependent/ChildTaxCredit",
            "key": null,
            "value": [
                {
                    "page": 1,
                    "text": "unselected",
                    "boundingBoxes": [
                        [
                            0.7690110760443043,
                            0.4071880778111979,
                            0.7860031440125761,
                            0.4071880778111979,
                            0.7860031440125761,
                            0.4194153083221854,
                            0.7690110760443043,
                            0.4194153083221854
                        ]
                    ]
                }
            ]
        },
        {
            "label": "Dependents/Third Dependent/CreditForOtherDependents",
            "key": null,
            "value": [
                {
                    "page": 1,
                    "text": "unselected",
                    "boundingBoxes": [
                        [
                            0.9072756291025165,
                            0.4054583720315948,
                            0.9238956955827824,
                            0.4054583720315948,
                            0.9238956955827824,
                            0.41764299895195167,
                            0.9072756291025165,
                            0.41764299895195167
                        ]
                    ]
                }
            ]
        },
        {
            "label": "Dependents/Fourth Dependent/ChildTaxCredit",
            "key": null,
            "value": [
                {
                    "page": 1,
                    "text": "unselected",
                    "boundingBoxes": [
                        [
                            0.7686990747962993,
                            0.42313886214330143,
                            0.785871143484574,
                            0.42313886214330143,
                            0.785871143484574,
                            0.43495709818423495,
                            0.7686990747962993,
                            0.43495709818423495
                        ]
                    ]
                }
            ]
        },
        {
            "label": "Dependents/Fourth Dependent/CreditForOtherDependents",
            "key": null,
            "value": [
                {
                    "page": 1,
                    "text": "unselected",
                    "boundingBoxes": [
                        [
                            0.9070236280945125,
                            0.42105980692052725,
                            0.9243276973107893,
                            0.42105980692052725,
                            0.9243276973107893,
                            0.4335937832840552,
                            0.9070236280945125,
                            0.4335937832840552
                        ]
                    ]
                }
            ]
        },
        {
            "label": "OverFourDependents",
            "key": null,
            "value": [
                {
                    "page": 1,
                    "text": "unselected",
                    "boundingBoxes": [
                        [
                            0.10657242628970516,
                            0.42940158996600236,
                            0.12254449017796074,
                            0.42940158996600236,
                            0.12254449017796074,
                            0.44147544755071955,
                            0.10657242628970516,
                            0.44147544755071955
                        ]
                    ]
                }
            ]
        },
        {
            "label": "FilingStatusNames",
            "key": null,
            "labelType": "region",
            "value": [
                {
                    "page": 1,
                    "text": "",
                    "boundingBoxes": [
                        [
                            0.42684257744562454,
                            0.09887006470744597,
                            0.9845771522452067,
                            0.08992467453828035,
                            0.9785199864382653,
                            0.10122410956652894,
                            0.42845147203803136,
                            0.11198547215496346
                        ]
                    ]
                }
            ]
        },
        {
            "label": "AptNo",
            "key": null,
            "labelType": "region",
            "value": [
                {
                    "page": 1,
                    "text": "",
                    "boundingBoxes": [
                        [
                            0.7183447938973887,
                            0.18442292992132836,
                            0.7940596091007475,
                            0.18442292992132836,
                            0.7940596091007475,
                            0.19841271483324074,
                            0.7183447938973887,
                            0.19841271483324074
                        ]
                    ]
                }
            ]
        },
        {
            "label": "State",
            "key": null,
            "labelType": "region",
            "value": [
                {
                    "page": 1,
                    "text": "",
                    "boundingBoxes": [
                        [
                            0.584329489190993,
                            0.21832125963688775,
                            0.6767016663312493,
                            0.21832125963688775,
                            0.6767016663312493,
                            0.23231101991798653,
                            0.584329489190993,
                            0.23231101991798653
                        ]
                    ]
                }
            ]
        },
        {
            "label": "ZIP",
            "key": null,
            "labelType": "region",
            "value": [
                {
                    "page": 1,
                    "text": "",
                    "boundingBoxes": [
                        [
                            0.6926017872286181,
                            0.21778317488166687,
                            0.7948168501402758,
                            0.21778317488166687,
                            0.7948168501402758,
                            0.23015873015873,
                            0.6926017872286181,
                            0.23015873015873
                        ]
                    ]
                }
            ]
        },
        {
            "label": "Dependents/First Dependent/Name",
            "key": null,
            "labelType": "region",
            "value": [
                {
                    "page": 1,
                    "text": "",
                    "boundingBoxes": [
                        [
                            0.15767622200525078,
                            0.3835082055421039,
                            0.4431212264373897,
                            0.3835082055421039,
                            0.4431212264373897,
                            0.39319343556631686,
                            0.15767622200525078,
                            0.39319343556631686
                        ]
                    ]
                }
            ]
        },
        {
            "label": "Dependents/Second Dependent/Name",
            "key": null,
            "labelType": "region",
            "value": [
                {
                    "page": 1,
                    "text": "",
                    "boundingBoxes": [
                        [
                            0.16006595210064545,
                            0.39993610438525684,
                            0.4463864529422984,
                            0.3976661327034673,
                            0.44714359000328785,
                            0.4085620164807071,
                            0.1597820213703353,
                            0.41009214625488144
                        ]
                    ]
                }
            ]
        },
        {
            "label": "Dependents/Third Dependent/Name",
            "key": null,
            "labelType": "region",
            "value": [
                {
                    "page": 1,
                    "text": "",
                    "boundingBoxes": [
                        [
                            0.1565877977660532,
                            0.4152878665590527,
                            0.4461971426824164,
                            0.41367366155501717,
                            0.4433578353793148,
                            0.42295534032822135,
                            0.15564136777493814,
                            0.42645279271390296
                        ]
                    ]
                }
            ]
        },
        {
            "label": "Dependents/Fourth Dependent/Name",
            "key": null,
            "labelType": "region",
            "value": [
                {
                    "page": 1,
                    "text": "",
                    "boundingBoxes": [
                        [
                            0.15696638362630438,
                            0.43048830522399173,
                            0.4463864529422984,
                            0.4282015065913368,
                            0.44373642123956597,
                            0.4381557789931604,
                            0.15791281361741943,
                            0.44151869787462983
                        ]
                    ]
                }
            ]
        },
        {
            "label": "Dependents/First Dependent/SSN",
            "key": null,
            "labelType": "region",
            "value": [
                {
                    "page": 1,
                    "text": "",
                    "boundingBoxes": [
                        [
                            0.4516864701350795,
                            0.3799098776590767,
                            0.5951661440716514,
                            0.3799098776590767,
                            0.5951661440716514,
                            0.39161286393833417,
                            0.4516864701350795,
                            0.39161286393833417
                        ]
                    ]
                }
            ]
        },
        {
            "label": "Dependents/Second Dependent/SSN",
            "key": null,
            "labelType": "region",
            "value": [
                {
                    "page": 1,
                    "text": "",
                    "boundingBoxes": [
                        [
                            0.45225433159569983,
                            0.3959174065106265,
                            0.5947875582114003,
                            0.3959174065106265,
                            0.5947875582114003,
                            0.4066787814144679,
                            0.45225433159569983,
                            0.4066787814144679
                        ]
                    ]
                }
            ]
        },
        {
            "label": "Dependents/Third Dependent/SSN",
            "key": null,
            "labelType": "region",
            "value": [
                {
                    "page": 1,
                    "text": "",
                    "boundingBoxes": [
                        [
                            0.4537686403771918,
                            0.41205945655098175,
                            0.5942196967507798,
                            0.41205945655098175,
                            0.5942196967507798,
                            0.4224172802038142,
                            0.4537686403771918,
                            0.4224172802038142
                        ]
                    ]
                }
            ]
        },
        {
            "label": "Dependents/Fourth Dependent/SSN",
            "key": null,
            "labelType": "region",
            "value": [
                {
                    "page": 1,
                    "text": "",
                    "boundingBoxes": [
                        [
                            0.4533900545169405,
                            0.4276634464669295,
                            0.5932732840894213,
                            0.4276634464669295,
                            0.5932732840894213,
                            0.4377522277421516,
                            0.4533900545169405,
                            0.4377522277421516
                        ]
                    ]
                }
            ]
        },
        {
            "label": "Dependents/First Dependent/Relationship",
            "key": null,
            "labelType": "region",
            "value": [
                {
                    "page": 1,
                    "text": "",
                    "boundingBoxes": [
                        [
                            0.6017912059987262,
                            0.37869922390605004,
                            0.7066562659536032,
                            0.37869922390605004,
                            0.7066562659536032,
                            0.38959510768328975,
                            0.6017912059987262,
                            0.38959510768328975
                        ]
                    ]
                }
            ]
        },
        {
            "label": "Dependents/Second Dependent/Relationship",
            "key": null,
            "labelType": "region",
            "value": [
                {
                    "page": 1,
                    "text": "",
                    "boundingBoxes": [
                        [
                            0.6025483430597156,
                            0.3948412739464053,
                            0.7049526815717422,
                            0.3948412739464053,
                            0.7049526815717422,
                            0.40506457641043236,
                            0.6025483430597156,
                            0.40506457641043236
                        ]
                    ]
                }
            ]
        },
        {
            "label": "Dependents/Third Dependent/Relationship",
            "key": null,
            "labelType": "region",
            "value": [
                {
                    "page": 1,
                    "text": "",
                    "boundingBoxes": [
                        [
                            0.6029269289199667,
                            0.40963814904492846,
                            0.7051419918316244,
                            0.40963814904492846,
                            0.7051419918316244,
                            0.42093758407317705,
                            0.6029269289199667,
                            0.42093758407317705
                        ]
                    ]
                }
            ]
        },
        {
            "label": "Dependents/Fourth Dependent/Relationship",
            "key": null,
            "labelType": "region",
            "value": [
                {
                    "page": 1,
                    "text": "",
                    "boundingBoxes": [
                        [
                            0.6010340342782237,
                            0.42591472027408883,
                            0.7051419918316244,
                            0.42591472027408883,
                            0.7051419918316244,
                            0.43573447148710703,
                            0.6010340342782237,
                            0.43573447148710703
                        ]
                    ]
                }
            ]
        },
        {
            "label": "TaxExemptInterest",
            "key": null,
            "labelType": "region",
            "value": [
                {
                    "page": 1,
                    "text": "",
                    "boundingBoxes": [
                        [
                            0.4284515182507153,
                            0.45877053027580184,
                            0.5424023615755176,
                            0.45877053027580184,
                            0.5424023615755176,
                            0.4695318805488294,
                            0.4284515182507153,
                            0.4695318805488294
                        ]
                    ]
                }
            ]
        },
        {
            "label": "TaxableInterest",
            "key": null,
            "labelType": "region",
            "value": [
                {
                    "page": 1,
                    "text": "",
                    "boundingBoxes": [
                        [
                            0.8619190536448756,
                            0.4533898305084744,
                            0.9804128579736665,
                            0.4533898305084744,
                            0.9804128579736665,
                            0.4644202477899262,
                            0.8619190536448756,
                            0.4644202477899262
                        ]
                    ]
                }
            ]
        },
        {
            "label": "QualifiedDividends",
            "key": null,
            "labelType": "region",
            "value": [
                {
                    "page": 1,
                    "text": "",
                    "boundingBoxes": [
                        [
                            0.4303443435734324,
                            0.47356739305891826,
                            0.5416451898550151,
                            0.47356739305891826,
                            0.5416451898550151,
                            0.48486682808716686,
                            0.4303443435734324,
                            0.48486682808716686
                        ]
                    ]
                }
            ]
        },
        {
            "label": "OrdinaryDividends",
            "key": null,
            "labelType": "region",
            "value": [
                {
                    "page": 1,
                    "text": "",
                    "boundingBoxes": [
                        [
                            0.8622976741646399,
                            0.4687247780468118,
                            0.9792771350524259,
                            0.4687247780468118,
                            0.9792771350524259,
                            0.4797551953282635,
                            0.8622976741646399,
                            0.4797551953282635
                        ]
                    ]
                }
            ]
        },
        {
            "label": "IRADistribution",
            "key": null,
            "labelType": "region",
            "value": [
                {
                    "page": 1,
                    "text": "",
                    "boundingBoxes": [
                        [
                            0.4299657923726942,
                            0.4894404253524766,
                            0.5439166356974964,
                            0.4894404253524766,
                            0.5439166356974964,
                            0.49993275787870733,
                            0.4299657923726942,
                            0.49993275787870733
                        ]
                    ]
                }
            ]
        },
        {
            "label": "IRADistributionTaxable",
            "key": null,
            "labelType": "region",
            "value": [
                {
                    "page": 1,
                    "text": "",
                    "boundingBoxes": [
                        [
                            0.860783330723635,
                            0.4840597255851491,
                            0.9815485808949072,
                            0.4840597255851491,
                            0.9815485808949072,
                            0.4945520581113799,
                            0.860783330723635,
                            0.4945520581113799
                        ]
                    ]
                }
            ]
        },
        {
            "label": "PensionsAnnuities",
            "key": null,
            "labelType": "region",
            "value": [
                {
                    "page": 1,
                    "text": "",
                    "boundingBoxes": [
                        [
                            0.4299657923726942,
                            0.504237288135593,
                            0.5442952562172606,
                            0.504237288135593,
                            0.5442952562172606,
                            0.5152677054170448,
                            0.4299657923726942,
                            0.5152677054170448
                        ]
                    ]
                }
            ]
        },
        {
            "label": "PensionsAnnuitiesTaxable",
            "key": null,
            "labelType": "region",
            "value": [
                {
                    "page": 1,
                    "text": "",
                    "boundingBoxes": [
                        [
                            0.860783330723635,
                            0.4996637155010969,
                            0.9785199633319235,
                            0.4996637155010969,
                            0.9785199633319235,
                            0.5117702530313634,
                            0.860783330723635,
                            0.5117702530313634
                        ]
                    ]
                }
            ]
        },
        {
            "label": "SocialSecurityBenefits",
            "key": null,
            "labelType": "region",
            "value": [
                {
                    "page": 1,
                    "text": "",
                    "boundingBoxes": [
                        [
                            0.4292086206521918,
                            0.5195722356739304,
                            0.5435380844967582,
                            0.5195722356739304,
                            0.5435380844967582,
                            0.5297955504533645,
                            0.4292086206521918,
                            0.5297955504533645
                        ]
                    ]
                }
            ]
        },
        {
            "label": "SocialSecurityBenefitsTaxable",
            "key": null,
            "labelType": "region",
            "value": [
                {
                    "page": 1,
                    "text": "",
                    "boundingBoxes": [
                        [
                            0.8615405024441374,
                            0.5163438256658595,
                            0.9800342374539022,
                            0.5163438256658595,
                            0.9800342374539022,
                            0.5265671404452934,
                            0.8615405024441374,
                            0.5265671404452934
                        ]
                    ]
                }
            ]
        },
        {
            "label": "CaptialGain",
            "key": null,
            "labelType": "region",
            "value": [
                {
                    "page": 1,
                    "text": "",
                    "boundingBoxes": [
                        [
                            0.8611619512433991,
                            0.5314097554573999,
                            0.9777627916114207,
                            0.5314097554573999,
                            0.9777627916114207,
                            0.5424401481080381,
                            0.8611619512433991,
                            0.5424401481080381
                        ]
                    ]
                }
            ]
        },
        {
            "label": "ScheduleDNotRequired",
            "key": null,
            "value": [
                {
                    "page": 1,
                    "text": "unselected",
                    "boundingBoxes": [
                        [
                            0.7883911535646143,
                            0.5318461839963872,
                            0.8051312205248821,
                            0.5318461839963872,
                            0.8051312205248821,
                            0.5437070236279513,
                            0.7883911535646143,
                            0.5437070236279513
                        ]
                    ]
                }
            ]
        },
        {
            "label": "OtherIncomeSchedule1",
            "key": null,
            "labelType": "region",
            "value": [
                {
                    "page": 1,
                    "text": "",
                    "boundingBoxes": [
                        [
                            0.8619190536448756,
                            0.5472827631201447,
                            0.9788985145326613,
                            0.5472827631201447,
                            0.9788985145326613,
                            0.5577750956463754,
                            0.8619190536448756,
                            0.5577750956463754
                        ]
                    ]
                }
            ]
        },
        {
            "label": "AdjustmentIncomeSchedule1",
            "key": null,
            "labelType": "region",
            "value": [
                {
                    "page": 1,
                    "text": "",
                    "boundingBoxes": [
                        [
                            0.6972392300649829,
                            0.5940947082371744,
                            0.8149758626732712,
                            0.5940947082371744,
                            0.8149758626732712,
                            0.6056631856430335,
                            0.6972392300649829,
                            0.6056631856430335
                        ]
                    ]
                }
            ]
        },
        {
            "label": "CharitableContribution",
            "key": null,
            "labelType": "region",
            "value": [
                {
                    "page": 1,
                    "text": "",
                    "boundingBoxes": [
                        [
                            0.6979964017854852,
                            0.6102367582775297,
                            0.8153544138740094,
                            0.6102367582775297,
                            0.8153544138740094,
                            0.620998133181371,
                            0.6979964017854852,
                            0.620998133181371
                        ]
                    ]
                }
            ]
        },
        {
            "label": "TotalIncomeAdjustments",
            "key": null,
            "labelType": "region",
            "value": [
                {
                    "page": 1,
                    "text": "",
                    "boundingBoxes": [
                        [
                            0.860783330723635,
                            0.6228813559322032,
                            0.9800342374539022,
                            0.6228813559322032,
                            0.9800342374539022,
                            0.6360640383420978,
                            0.860783330723635,
                            0.6360640383420978
                        ]
                    ]
                }
            ]
        },
        {
            "label": "AdjustedGrossIncome",
            "key": null,
            "labelType": "region",
            "value": [
                {
                    "page": 1,
                    "text": "",
                    "boundingBoxes": [
                        [
                            0.8611619512433991,
                            0.6409066533542043,
                            0.9777627916114207,
                            0.6409066533542043,
                            0.9777627916114207,
                            0.6511299435028247,
                            0.8611619512433991,
                            0.6511299435028247
                        ]
                    ]
                }
            ]
        },
        {
            "label": "StandardDeduction",
            "key": null,
            "labelType": "region",
            "value": [
                {
                    "page": 1,
                    "text": "",
                    "boundingBoxes": [
                        [
                            0.8592690566016562,
                            0.6557035407681344,
                            0.9770056892099442,
                            0.6557035407681344,
                            0.9770056892099442,
                            0.6675410359207903,
                            0.8592690566016562,
                            0.6675410359207903
                        ]
                    ]
                }
            ]
        },
        {
            "label": "BusinessIncomeDeduction",
            "key": null,
            "labelType": "region",
            "value": [
                {
                    "page": 1,
                    "text": "",
                    "boundingBoxes": [
                        [
                            0.8596476078023942,
                            0.6715765484308791,
                            0.976248517489442,
                            0.6715765484308791,
                            0.976248517489442,
                            0.6831450258367382,
                            0.8596476078023942,
                            0.6831450258367382
                        ]
                    ]
                }
            ]
        },
        {
            "label": "Line12+13",
            "key": null,
            "labelType": "region",
            "value": [
                {
                    "page": 1,
                    "text": "",
                    "boundingBoxes": [
                        [
                            0.8596476078023942,
                            0.6879876408488446,
                            0.9796556862531639,
                            0.6879876408488446,
                            0.9796556862531639,
                            0.6984799733750755,
                            0.8596476078023942,
                            0.6984799733750755
                        ]
                    ]
                }
            ]
        },
        {
            "label": "TaxableIncome",
            "key": null,
            "labelType": "region",
            "value": [
                {
                    "page": 1,
                    "text": "",
                    "boundingBoxes": [
                        [
                            0.8585118848811537,
                            0.7019774011299432,
                            0.9792771350524259,
                            0.7019774011299432,
                            0.9792771350524259,
                            0.713545903166616,
                            0.8585118848811537,
                            0.713545903166616
                        ]
                    ]
                }
            ]
        },
        {
            "label": "Tax",
            "key": null,
            "labelType": "region",
            "value": [
                {
                    "page": 2,
                    "text": "",
                    "boundingBoxes": [
                        [
                            0.8652367209910032,
                            0.03880817863868735,
                            0.980840074890532,
                            0.03880817863868735,
                            0.980840074890532,
                            0.051452788608767785,
                            0.8652367209910032,
                            0.051452788608767785
                        ]
                    ]
                }
            ]
        },
        {
            "label": "EstimatedTaxPenalty",
            "key": null,
            "labelType": "region",
            "value": [
                {
                    "page": 2,
                    "text": "",
                    "boundingBoxes": [
                        [
                            0.7018104258020338,
                            0.4969733820379758,
                            0.8204262685319622,
                            0.4969733820379758,
                            0.8204262685319622,
                            0.5101560398170567,
                            0.7018104258020338,
                            0.5101560398170567
                        ]
                    ]
                }
            ]
        },
        {
            "label": "AmountOwe",
            "key": null,
            "labelType": "region",
            "value": [
                {
                    "page": 2,
                    "text": "",
                    "boundingBoxes": [
                        [
                            0.8629773716056715,
                            0.45177564192498143,
                            0.9849822384135979,
                            0.45177564192498143,
                            0.9849822384135979,
                            0.46603444458369064,
                            0.8629773716056715,
                            0.46603444458369064
                        ]
                    ]
                }
            ]
        },
        {
            "label": "RoutingNumber",
            "key": null,
            "labelType": "region",
            "value": [
                {
                    "page": 2,
                    "text": "",
                    "boundingBoxes": [
                        [
                            0.29475097821139046,
                            0.40308044121603437,
                            0.5150375432812575,
                            0.40308044121603437,
                            0.5150375432812575,
                            0.41707022612794675,
                            0.29475097821139046,
                            0.41707022612794675
                        ]
                    ]
                }
            ]
        },
        {
            "label": "AccountNumber",
            "key": null,
            "labelType": "region",
            "value": [
                {
                    "page": 2,
                    "text": "",
                    "boundingBoxes": [
                        [
                            0.29498630986822805,
                            0.41945790025794705,
                            0.7099534745617107,
                            0.41945790025794705,
                            0.7099534745617107,
                            0.433716715232063,
                            0.29498630986822805,
                            0.433716715232063
                        ]
                    ]
                }
            ]
        }
    ],
    "labelingState": 2
}