{
    "$schema": "https://schema.cognitiveservices.azure.com/formrecognizer/2021-03-01/labels.json",
    "document": "f1040_1.pdf",
    "labels": [
        {
            "label": "FilingStatusSingle",
            "key": null,
            "value": [
                {
                    "page": 1,
                    "text": "selected",
                    "boundingBoxes": [
                        [
                            0.15621176470588236,
                            0.08585454545454546,
                            0.16928235294117647,
                            0.08585454545454546,
                            0.16928235294117647,
                            0.09595454545454546,
                            0.15621176470588236,
                            0.09595454545454546
                        ]
                    ]
                }
            ]
        },
        {
            "label": "FilingStatusMarriedJoint",
            "key": null,
            "value": [
                {
                    "page": 1,
                    "text": "unselected",
                    "boundingBoxes": [
                        [
                            0.2268,
                            0.08585454545454546,
                            0.2398705882352941,
                            0.08585454545454546,
                            0.2398705882352941,
                            0.09595454545454546,
                            0.2268,
                            0.09595454545454546
                        ]
                    ]
                }
            ]
        },
        {
            "label": "FilingStatusMFS",
            "key": null,
            "value": [
                {
                    "page": 1,
                    "text": "unselected",
                    "boundingBoxes": [
                        [
                            0.3797411764705882,
                            0.08585454545454546,
                            0.39281176470588236,
                            0.08585454545454546,
                            0.39281176470588236,
                            0.09595454545454546,
                            0.3797411764705882,
                            0.09595454545454546
                        ]
                    ]
                }
            ]
        },
        {
            "label": "FilingStatusHOH",
            "key": null,
            "value": [
                {
                    "page": 1,
                    "text": "unselected",
                    "boundingBoxes": [
                        [
                            0.5915058823529412,
                            0.08585454545454546,
                            0.6045764705882353,
                            0.08585454545454546,
                            0.6045764705882353,
                            0.09595454545454546,
                            0.5915058823529412,
                            0.09595454545454546
                        ]
                    ]
                }
            ]
        },
        {
            "label": "FilingStatsQW",
            "key": null,
            "value": [
                {
                    "page": 1,
                    "text": "unselected",
                    "boundingBoxes": [
                        [
                            0.7679764705882353,
                            0.08585454545454546,
                            0.7810470588235293,
                            0.08585454545454546,
                            0.7810470588235293,
                            0.09595454545454546,
                            0.7679764705882353,
                            0.09595454545454546
                        ]
                    ]
                }
            ]
        },
        {
            "label": "FirstName",
            "key": null,
            "value": [
                {
                    "page": 1,
                    "text": "John",
                    "boundingBoxes": [
                        [
                            0.059552941176470586,
                            0.14626363636363637,
                            0.08932941176470588,
                            0.14626363636363637,
                            0.08932941176470588,
                            0.15494545454545453,
                            0.059552941176470586,
                            0.15494545454545453
                        ]
                    ]
                }
            ]
        },
        {
            "label": "LastName",
            "key": null,
            "value": [
                {
                    "page": 1,
                    "text": "Doe",
                    "boundingBoxes": [
                        [
                            0.3904470588235294,
                            0.14626363636363637,
                            0.41461176470588235,
                            0.14626363636363637,
                            0.41461176470588235,
                            0.15494545454545453,
                            0.3904470588235294,
                            0.1545181818181818
                        ]
                    ]
                }
            ]
        },
        {
            "label": "SSN",
            "key": null,
            "value": [
                {
                    "page": 1,
                    "text": "1",
                    "boundingBoxes": [
                        [
                            0.773035294117647,
                            0.1454,
                            0.7820235294117647,
                            0.1454,
                            0.7820235294117647,
                            0.15625454545454545,
                            0.7736,
                            0.15581818181818183
                        ]
                    ]
                },
                {
                    "page": 1,
                    "text": "1",
                    "boundingBoxes": [
                        [
                            0.7910117647058824,
                            0.14496363636363638,
                            0.7988705882352941,
                            0.14496363636363638,
                            0.7994352941176471,
                            0.15668181818181817,
                            0.7915764705882352,
                            0.15625454545454545
                        ]
                    ]
                },
                {
                    "page": 1,
                    "text": "2",
                    "boundingBoxes": [
                        [
                            0.8101176470588235,
                            0.14452727272727273,
                            0.8179764705882353,
                            0.14452727272727273,
                            0.8179764705882353,
                            0.15668181818181817,
                            0.8101176470588235,
                            0.15668181818181817
                        ]
                    ]
                },
                {
                    "page": 1,
                    "text": "3",
                    "boundingBoxes": [
                        [
                            0.8297764705882352,
                            0.14452727272727273,
                            0.8376352941176471,
                            0.14452727272727273,
                            0.8376352941176471,
                            0.15711818181818182,
                            0.8297764705882352,
                            0.15711818181818182
                        ]
                    ]
                },
                {
                    "page": 1,
                    "text": "4",
                    "boundingBoxes": [
                        [
                            0.8477529411764706,
                            0.1441,
                            0.8556235294117647,
                            0.1441,
                            0.8556235294117647,
                            0.15711818181818182,
                            0.8477529411764706,
                            0.15711818181818182
                        ]
                    ]
                },
                {
                    "page": 1,
                    "text": "5",
                    "boundingBoxes": [
                        [
                            0.8668588235294117,
                            0.1441,
                            0.8747176470588236,
                            0.1441,
                            0.8747176470588236,
                            0.15711818181818182,
                            0.8668588235294117,
                            0.15711818181818182
                        ]
                    ]
                },
                {
                    "page": 1,
                    "text": "6",
                    "boundingBoxes": [
                        [
                            0.8853882352941177,
                            0.14452727272727273,
                            0.8932588235294118,
                            0.14452727272727273,
                            0.8938235294117647,
                            0.15668181818181817,
                            0.8859529411764706,
                            0.15668181818181817
                        ]
                    ]
                },
                {
                    "page": 1,
                    "text": "7",
                    "boundingBoxes": [
                        [
                            0.9056235294117647,
                            0.14452727272727273,
                            0.9140470588235294,
                            0.14452727272727273,
                            0.9140470588235294,
                            0.15668181818181817,
                            0.9056235294117647,
                            0.15668181818181817
                        ]
                    ]
                },
                {
                    "page": 1,
                    "text": "8",
                    "boundingBoxes": [
                        [
                            0.9241529411764705,
                            0.14496363636363638,
                            0.9320235294117647,
                            0.14496363636363638,
                            0.9320235294117647,
                            0.15625454545454545,
                            0.9241529411764705,
                            0.15625454545454545
                        ]
                    ]
                }
            ]
        },
        {
            "label": "Address",
            "key": null,
            "value": [
                {
                    "page": 1,
                    "text": "1234",
                    "boundingBoxes": [
                        [
                            0.06067058823529412,
                            0.2066,
                            0.0882,
                            0.20616363636363635,
                            0.08876470588235294,
                            0.21570909090909088,
                            0.061235294117647054,
                            0.21614545454545456
                        ]
                    ]
                },
                {
                    "page": 1,
                    "text": "5th",
                    "boundingBoxes": [
                        [
                            0.09101176470588235,
                            0.20616363636363635,
                            0.11123529411764706,
                            0.20616363636363635,
                            0.11123529411764706,
                            0.21570909090909088,
                            0.09157647058823529,
                            0.21570909090909088
                        ]
                    ]
                },
                {
                    "page": 1,
                    "text": "Ave",
                    "boundingBoxes": [
                        [
                            0.11461176470588234,
                            0.20616363636363635,
                            0.13932941176470587,
                            0.2066,
                            0.13932941176470587,
                            0.21570909090909088,
                            0.11516470588235295,
                            0.21570909090909088
                        ]
                    ]
                }
            ]
        },
        {
            "label": "AptNo",
            "key": null,
            "value": [
                {
                    "page": 1,
                    "text": "323",
                    "boundingBoxes": [
                        [
                            0.7129176470588235,
                            0.20616363636363635,
                            0.7342705882352941,
                            0.20616363636363635,
                            0.7342705882352941,
                            0.21570909090909088,
                            0.7129176470588235,
                            0.21570909090909088
                        ]
                    ]
                }
            ]
        },
        {
            "label": "City",
            "key": null,
            "value": [
                {
                    "page": 1,
                    "text": "Los",
                    "boundingBoxes": [
                        [
                            0.06011764705882353,
                            0.23698181818181815,
                            0.08258823529411764,
                            0.23698181818181815,
                            0.08202352941176472,
                            0.2474,
                            0.06011764705882353,
                            0.24696363636363639
                        ]
                    ]
                },
                {
                    "page": 1,
                    "text": "Angeles",
                    "boundingBoxes": [
                        [
                            0.08483529411764705,
                            0.23698181818181815,
                            0.13763529411764705,
                            0.23654545454545453,
                            0.13708235294117646,
                            0.2474,
                            0.08483529411764705,
                            0.2474
                        ]
                    ]
                }
            ]
        },
        {
            "label": "State",
            "key": null,
            "value": [
                {
                    "page": 1,
                    "text": "CA",
                    "boundingBoxes": [
                        [
                            0.5960705882352941,
                            0.23698181818181815,
                            0.6106705882352941,
                            0.23698181818181815,
                            0.6106705882352941,
                            0.2452272727272727,
                            0.5960705882352941,
                            0.2452272727272727
                        ]
                    ]
                }
            ]
        },
        {
            "label": "ZIP",
            "key": null,
            "value": [
                {
                    "page": 1,
                    "text": "12345",
                    "boundingBoxes": [
                        [
                            0.6943764705882353,
                            0.23654545454545453,
                            0.7286470588235294,
                            0.23698181818181815,
                            0.7286470588235294,
                            0.2456636363636364,
                            0.6943764705882353,
                            0.2456636363636364
                        ]
                    ]
                }
            ]
        },
        {
            "label": "PresidentialElectionCampaignYou",
            "key": null,
            "value": [
                {
                    "page": 1,
                    "text": "unselected",
                    "boundingBoxes": [
                        [
                            0.8235294117647058,
                            0.2657818181818182,
                            0.8366,
                            0.2657818181818182,
                            0.8366,
                            0.2758818181818182,
                            0.8235294117647058,
                            0.2758818181818182
                        ]
                    ]
                }
            ]
        },
        {
            "label": "PresidentialElectionCampaignSpouse",
            "key": null,
            "value": [
                {
                    "page": 1,
                    "text": "unselected",
                    "boundingBoxes": [
                        [
                            0.8823529411764706,
                            0.2657818181818182,
                            0.8954235294117647,
                            0.2657818181818182,
                            0.8954235294117647,
                            0.2758818181818182,
                            0.8823529411764706,
                            0.2758818181818182
                        ]
                    ]
                }
            ]
        },
        {
            "label": "FinancialInterestYes",
            "key": null,
            "value": [
                {
                    "page": 1,
                    "text": "selected",
                    "boundingBoxes": [
                        [
                            0.8235294117647058,
                            0.2866181818181818,
                            0.8366,
                            0.2866181818181818,
                            0.8366,
                            0.2967181818181818,
                            0.8235294117647058,
                            0.2967181818181818
                        ]
                    ]
                }
            ]
        },
        {
            "label": "FinancialInterestNo",
            "key": null,
            "value": [
                {
                    "page": 1,
                    "text": "unselected",
                    "boundingBoxes": [
                        [
                            0.8823529411764706,
                            0.2866181818181818,
                            0.8954235294117647,
                            0.2866181818181818,
                            0.8954235294117647,
                            0.2967181818181818,
                            0.8823529411764706,
                            0.2967181818181818
                        ]
                    ]
                }
            ]
        },
        {
            "label": "StandardDeductionSelf",
            "key": null,
            "value": [
                {
                    "page": 1,
                    "text": "unselected",
                    "boundingBoxes": [
                        [
                            0.2973882352941177,
                            0.30555454545454547,
                            0.3104588235294118,
                            0.30555454545454547,
                            0.3104588235294118,
                            0.31565454545454547,
                            0.2973882352941177,
                            0.31565454545454547
                        ]
                    ]
                }
            ]
        },
        {
            "label": "StandardDeductionSpouse",
            "key": null,
            "value": [
                {
                    "page": 1,
                    "text": "unselected",
                    "boundingBoxes": [
                        [
                            0.4620941176470588,
                            0.30555454545454547,
                            0.47516470588235293,
                            0.30555454545454547,
                            0.47516470588235293,
                            0.31565454545454547,
                            0.4620941176470588,
                            0.31565454545454547
                        ]
                    ]
                }
            ]
        },
        {
            "label": "StandardDeductionOther",
            "key": null,
            "value": [
                {
                    "page": 1,
                    "text": "unselected",
                    "boundingBoxes": [
                        [
                            0.15621176470588236,
                            0.3207090909090909,
                            0.16928235294117647,
                            0.3207090909090909,
                            0.16928235294117647,
                            0.3308090909090909,
                            0.15621176470588236,
                            0.3308090909090909
                        ]
                    ]
                }
            ]
        },
        {
            "label": "BornBefore",
            "key": null,
            "value": [
                {
                    "page": 1,
                    "text": "unselected",
                    "boundingBoxes": [
                        [
                            0.19150588235294116,
                            0.3428,
                            0.20457647058823528,
                            0.3428,
                            0.20457647058823528,
                            0.3529,
                            0.19150588235294116,
                            0.3529
                        ]
                    ]
                }
            ]
        },
        {
            "label": "Blind",
            "key": null,
            "value": [
                {
                    "page": 1,
                    "text": "unselected",
                    "boundingBoxes": [
                        [
                            0.4268,
                            0.3428,
                            0.4398705882352941,
                            0.3428,
                            0.4398705882352941,
                            0.3529,
                            0.4268,
                            0.3529
                        ]
                    ]
                }
            ]
        },
        {
            "label": "SpouseBornBefore",
            "key": null,
            "value": [
                {
                    "page": 1,
                    "text": "unselected",
                    "boundingBoxes": [
                        [
                            0.5915058823529412,
                            0.3428,
                            0.6045764705882353,
                            0.3428,
                            0.6045764705882353,
                            0.3529,
                            0.5915058823529412,
                            0.3529
                        ]
                    ]
                }
            ]
        },
        {
            "label": "SpouseBlind",
            "key": null,
            "value": [
                {
                    "page": 1,
                    "text": "unselected",
                    "boundingBoxes": [
                        [
                            0.8268,
                            0.3428,
                            0.839870588235294,
                            0.3428,
                            0.839870588235294,
                            0.3529,
                            0.8268,
                            0.3529
                        ]
                    ]
                }
            ]
        },
        {
            "label": "TotalIncome",
            "key": null,
            "value": [
                {
                    "page": 1,
                    "text": "48,500.00",
                    "boundingBoxes": [
                        [
                            0.8808941176470588,
                            0.5711818181818182,
                            0.9393294117647059,
                            0.5716181818181818,
                            0.9393294117647059,
                            0.5807272727272728,
                            0.8803411764705882,
                            0.5807272727272728
                        ]
                    ]
                }
            ]
        },
        {
            "label": "AdjustedGrossIncome",
            "key": null,
            "value": [
                {
                    "page": 1,
                    "text": "48,500.00",
                    "boundingBoxes": [
                        [
                            0.8808941176470588,
                            0.6466999999999999,
                            0.938764705882353,
                            0.6475727272727273,
                            0.9382,
                            0.6571181818181818,
                            0.8808941176470588,
                            0.6566818181818181
                        ]
                    ]
                }
            ]
        },
        {
            "label": "StandardDeduction",
            "key": null,
            "value": [
                {
                    "page": 1,
                    "text": "12,400.00",
                    "boundingBoxes": [
                        [
                            0.8820235294117648,
                            0.6623272727272727,
                            0.938764705882353,
                            0.6623272727272727,
                            0.9393294117647059,
                            0.6718727272727273,
                            0.8820235294117648,
                            0.672309090909091
                        ]
                    ]
                }
            ]
        },
        {
            "label": "Line12+13",
            "key": null,
            "value": [
                {
                    "page": 1,
                    "text": "12,400.00",
                    "boundingBoxes": [
                        [
                            0.8814588235294117,
                            0.6922727272727273,
                            0.9382,
                            0.6927090909090908,
                            0.9382,
                            0.7022545454545455,
                            0.8814588235294117,
                            0.7018272727272727
                        ]
                    ]
                }
            ]
        },
        {
            "label": "TaxableIncome",
            "key": null,
            "value": [
                {
                    "page": 1,
                    "text": "36,100.00",
                    "boundingBoxes": [
                        [
                            0.8820235294117648,
                            0.7079,
                            0.9382,
                            0.7074636363636363,
                            0.9382,
                            0.7170181818181818,
                            0.8814588235294117,
                            0.7174454545454545
                        ]
                    ]
                }
            ]
        },
        {
            "label": "8814Form",
            "key": null,
            "value": [
                {
                    "page": 2,
                    "text": "unselected",
                    "boundingBoxes": [
                        [
                            0.4856235294117647,
                            0.049245454545454544,
                            0.49869411764705884,
                            0.049245454545454544,
                            0.49869411764705884,
                            0.05934545454545455,
                            0.4856235294117647,
                            0.05934545454545455
                        ]
                    ]
                }
            ]
        },
        {
            "label": "4972Form",
            "key": null,
            "value": [
                {
                    "page": 2,
                    "text": "unselected",
                    "boundingBoxes": [
                        [
                            0.5679764705882353,
                            0.049245454545454544,
                            0.5810470588235295,
                            0.049245454545454544,
                            0.5810470588235295,
                            0.05934545454545455,
                            0.5679764705882353,
                            0.05934545454545455
                        ]
                    ]
                }
            ]
        },
        {
            "label": "Tax",
            "key": null,
            "value": [
                {
                    "page": 2,
                    "text": "0.00",
                    "boundingBoxes": [
                        [
                            0.9134823529411764,
                            0.049045454545454545,
                            0.937635294117647,
                            0.049045454545454545,
                            0.937635294117647,
                            0.05772727272727273,
                            0.9134823529411764,
                            0.05772727272727273
                        ]
                    ]
                }
            ]
        },
        {
            "label": "line16+17",
            "key": null,
            "value": [
                {
                    "page": 2,
                    "text": "0.00",
                    "boundingBoxes": [
                        [
                            0.9129176470588236,
                            0.0789909090909091,
                            0.9382,
                            0.07942727272727274,
                            0.937635294117647,
                            0.0881090909090909,
                            0.9129176470588236,
                            0.08767272727272728
                        ]
                    ]
                }
            ]
        },
        {
            "label": "Line18-21",
            "key": null,
            "value": [
                {
                    "page": 2,
                    "text": "0.00",
                    "boundingBoxes": [
                        [
                            0.9140470588235294,
                            0.13975454545454546,
                            0.9382,
                            0.13932727272727272,
                            0.9382,
                            0.148,
                            0.9140470588235294,
                            0.14843636363636364
                        ]
                    ]
                }
            ]
        },
        {
            "label": "OtherTaxes",
            "key": null,
            "value": [
                {
                    "page": 2,
                    "text": "0.00",
                    "boundingBoxes": [
                        [
                            0.9140470588235294,
                            0.15494545454545453,
                            0.937635294117647,
                            0.15494545454545453,
                            0.937635294117647,
                            0.16362727272727273,
                            0.9140470588235294,
                            0.16362727272727273
                        ]
                    ]
                }
            ]
        },
        {
            "label": "TotalTax",
            "key": null,
            "value": [
                {
                    "page": 2,
                    "text": "0.00",
                    "boundingBoxes": [
                        [
                            0.9129176470588236,
                            0.16970909090909092,
                            0.9382,
                            0.16970909090909092,
                            0.9382,
                            0.17881818181818182,
                            0.9129176470588236,
                            0.17881818181818182
                        ]
                    ]
                }
            ]
        },
        {
            "label": "TotalOtherPaymentRefundableCredit",
            "key": null,
            "value": [
                {
                    "page": 2,
                    "text": "1,800.00",
                    "boundingBoxes": [
                        [
                            0.8893294117647059,
                            0.35156363636363636,
                            0.938764705882353,
                            0.35112727272727273,
                            0.938764705882353,
                            0.3611090909090909,
                            0.8893294117647059,
                            0.3611090909090909
                        ]
                    ]
                }
            ]
        },
        {
            "label": "TotalPayments",
            "key": null,
            "value": [
                {
                    "page": 2,
                    "text": "1,800.00",
                    "boundingBoxes": [
                        [
                            0.8893294117647059,
                            0.3671909090909091,
                            0.9382,
                            0.3671909090909091,
                            0.9382,
                            0.3763,
                            0.8893294117647059,
                            0.3763
                        ]
                    ]
                }
            ]
        },
        {
            "label": "AmountOverpaid",
            "key": null,
            "value": [
                {
                    "page": 2,
                    "text": "1,800.00",
                    "boundingBoxes": [
                        [
                            0.8893294117647059,
                            0.38194545454545453,
                            0.9382,
                            0.38194545454545453,
                            0.9382,
                            0.3914909090909091,
                            0.8893294117647059,
                            0.3914909090909091
                        ]
                    ]
                }
            ]
        },
        {
            "label": "AmountRefund",
            "key": null,
            "value": [
                {
                    "page": 2,
                    "text": "1,800.00",
                    "boundingBoxes": [
                        [
                            0.8887647058823529,
                            0.3975727272727273,
                            0.9382,
                            0.3971363636363636,
                            0.9382,
                            0.40668181818181814,
                            0.8887647058823529,
                            0.40668181818181814
                        ]
                    ]
                }
            ]
        },
        {
            "label": "Checkings",
            "key": null,
            "value": [
                {
                    "page": 2,
                    "text": "unselected",
                    "boundingBoxes": [
                        [
                            0.6166705882352941,
                            0.4128818181818181,
                            0.6297411764705882,
                            0.4128818181818181,
                            0.6297411764705882,
                            0.4229818181818182,
                            0.6166705882352941,
                            0.4229818181818182
                        ]
                    ]
                }
            ]
        },
        {
            "label": "Savings",
            "key": null,
            "value": [
                {
                    "page": 2,
                    "text": "unselected",
                    "boundingBoxes": [
                        [
                            0.7107882352941176,
                            0.4128818181818181,
                            0.7238588235294118,
                            0.4128818181818181,
                            0.7238588235294118,
                            0.4229818181818182,
                            0.7107882352941176,
                            0.4229818181818182
                        ]
                    ]
                }
            ]
        },
        {
            "label": "Form8888",
            "key": null,
            "value": [
                {
                    "page": 2,
                    "text": "unselected",
                    "boundingBoxes": [
                        [
                            0.7601294117647059,
                            0.3971,
                            0.7732,
                            0.3971,
                            0.7732,
                            0.40719999999999995,
                            0.7601294117647059,
                            0.40719999999999995
                        ]
                    ]
                }
            ]
        },
        {
            "label": "AllowDiscussionYes",
            "key": null,
            "value": [
                {
                    "page": 2,
                    "text": "unselected",
                    "boundingBoxes": [
                        [
                            0.6705882352941177,
                            0.5309363636363637,
                            0.6836588235294118,
                            0.5309363636363637,
                            0.6836588235294118,
                            0.5410363636363636,
                            0.6705882352941177,
                            0.5410363636363636
                        ]
                    ]
                }
            ]
        },
        {
            "label": "AllowDiscussionNo",
            "key": null,
            "value": [
                {
                    "page": 2,
                    "text": "unselected",
                    "boundingBoxes": [
                        [
                            0.8352941176470587,
                            0.5309363636363637,
                            0.8483647058823529,
                            0.5309363636363637,
                            0.8483647058823529,
                            0.5410363636363636,
                            0.8352941176470587,
                            0.5410363636363636
                        ]
                    ]
                }
            ]
        },
        {
            "label": "Occupation",
            "key": null,
            "value": [
                {
                    "page": 2,
                    "text": "Accountant",
                    "boundingBoxes": [
                        [
                            0.5314588235294118,
                            0.6197909090909092,
                            0.6061764705882353,
                            0.6197909090909092,
                            0.6056235294117647,
                            0.6293363636363636,
                            0.5308941176470588,
                            0.628909090909091
                        ]
                    ]
                }
            ]
        },
        {
            "label": "FirmName",
            "key": null,
            "value": [
                {
                    "page": 2,
                    "text": "Self-Prepared",
                    "boundingBoxes": [
                        [
                            0.25,
                            0.7226545454545454,
                            0.33258823529411763,
                            0.7226545454545454,
                            0.33258823529411763,
                            0.7330727272727273,
                            0.2505647058823529,
                            0.7326363636363635
                        ]
                    ]
                }
            ]
        },
        {
            "label": "SelfEmployed",
            "key": null,
            "value": [
                {
                    "page": 2,
                    "text": "unselected",
                    "boundingBoxes": [
                        [
                            0.8352941176470587,
                            0.7058090909090908,
                            0.8483647058823529,
                            0.7058090909090908,
                            0.8483647058823529,
                            0.7159090909090909,
                            0.8352941176470587,
                            0.7159090909090909
                        ]
                    ]
                }
            ]
        },
        {
            "label": "PensionsAnnuities",
            "key": null,
            "value": [
                {
                    "page": 1,
                    "text": "48,500.00",
                    "boundingBoxes": [
                        [
                            0.8820235294117648,
                            0.45009090909090904,
                            0.938764705882353,
                            0.45009090909090904,
                            0.938764705882353,
                            0.4600727272727273,
                            0.8814588235294117,
                            0.4600727272727273
                        ]
                    ]
                }
            ]
        },
        {
            "label": "Dependents/First Dependent/ChildTaxCredit",
            "key": null,
            "value": [
                {
                    "page": 1,
                    "text": "unselected",
                    "boundingBoxes": [
                        [
                            0.7405176470588236,
                            0.3888909090909091,
                            0.7535999999999999,
                            0.3888909090909091,
                            0.7535999999999999,
                            0.39899090909090906,
                            0.7405176470588236,
                            0.39899090909090906
                        ]
                    ]
                }
            ]
        },
        {
            "label": "Dependents/Second Dependent/ChildTaxCredit",
            "key": null,
            "value": [
                {
                    "page": 1,
                    "text": "unselected",
                    "boundingBoxes": [
                        [
                            0.7405176470588236,
                            0.40403636363636364,
                            0.7535999999999999,
                            0.40403636363636364,
                            0.7535999999999999,
                            0.4141363636363637,
                            0.7405176470588236,
                            0.4141363636363637
                        ]
                    ]
                }
            ]
        },
        {
            "label": "Dependents/Third Dependent/ChildTaxCredit",
            "key": null,
            "value": [
                {
                    "page": 1,
                    "text": "unselected",
                    "boundingBoxes": [
                        [
                            0.7405176470588236,
                            0.4191909090909091,
                            0.7535999999999999,
                            0.4191909090909091,
                            0.7535999999999999,
                            0.4292909090909091,
                            0.7405176470588236,
                            0.4292909090909091
                        ]
                    ]
                }
            ]
        },
        {
            "label": "Dependents/Fourth Dependent/ChildTaxCredit",
            "key": null,
            "value": [
                {
                    "page": 1,
                    "text": "unselected",
                    "boundingBoxes": [
                        [
                            0.7405176470588236,
                            0.4343363636363637,
                            0.7535999999999999,
                            0.4343363636363637,
                            0.7535999999999999,
                            0.44443636363636363,
                            0.7405176470588236,
                            0.44443636363636363
                        ]
                    ]
                }
            ]
        },
        {
            "label": "Dependents/First Dependent/CreditForOtherDependents",
            "key": null,
            "value": [
                {
                    "page": 1,
                    "text": "unselected",
                    "boundingBoxes": [
                        [
                            0.8699294117647058,
                            0.3888909090909091,
                            0.8830117647058824,
                            0.3888909090909091,
                            0.8830117647058824,
                            0.39899090909090906,
                            0.8699294117647058,
                            0.39899090909090906
                        ]
                    ]
                }
            ]
        },
        {
            "label": "Dependents/Second Dependent/CreditForOtherDependents",
            "key": null,
            "value": [
                {
                    "page": 1,
                    "text": "unselected",
                    "boundingBoxes": [
                        [
                            0.8699294117647058,
                            0.40403636363636364,
                            0.8830117647058824,
                            0.40403636363636364,
                            0.8830117647058824,
                            0.4141363636363637,
                            0.8699294117647058,
                            0.4141363636363637
                        ]
                    ]
                }
            ]
        },
        {
            "label": "Dependents/Third Dependent/CreditForOtherDependents",
            "key": null,
            "value": [
                {
                    "page": 1,
                    "text": "unselected",
                    "boundingBoxes": [
                        [
                            0.8699294117647058,
                            0.4191909090909091,
                            0.8830117647058824,
                            0.4191909090909091,
                            0.8830117647058824,
                            0.4292909090909091,
                            0.8699294117647058,
                            0.4292909090909091
                        ]
                    ]
                }
            ]
        },
        {
            "label": "Dependents/Fourth Dependent/CreditForOtherDependents",
            "key": null,
            "value": [
                {
                    "page": 1,
                    "text": "unselected",
                    "boundingBoxes": [
                        [
                            0.8699294117647058,
                            0.4343363636363637,
                            0.8830117647058824,
                            0.4343363636363637,
                            0.8830117647058824,
                            0.44443636363636363,
                            0.8699294117647058,
                            0.44443636363636363
                        ]
                    ]
                }
            ]
        },
        {
            "label": "OverFourDependents",
            "key": null,
            "value": [
                {
                    "page": 1,
                    "text": "unselected",
                    "boundingBoxes": [
                        [
                            0.10669411764705883,
                            0.43276363636363635,
                            0.11976470588235294,
                            0.43276363636363635,
                            0.11976470588235294,
                            0.4428636363636364,
                            0.10669411764705883,
                            0.4428636363636364
                        ]
                    ]
                }
            ]
        },
        {
            "label": "Dependents/First Dependent/Name",
            "key": null,
            "labelType": "region",
            "value": [
                {
                    "page": 1,
                    "text": "",
                    "boundingBoxes": [
                        [
                            0.15445330807455948,
                            0.38730831726090637,
                            0.43193832267304,
                            0.38730831726090637,
                            0.43193832267304,
                            0.39981840604218155,
                            0.15445330807455948,
                            0.39981840604218155
                        ]
                    ]
                }
            ]
        },
        {
            "label": "Dependents/Second Dependent/Name",
            "key": null,
            "labelType": "region",
            "value": [
                {
                    "page": 1,
                    "text": "",
                    "boundingBoxes": [
                        [
                            0.15514963312992258,
                            0.40277778598804886,
                            0.4331568785706374,
                            0.40277778598804886,
                            0.4331568785706374,
                            0.41555690483152774,
                            0.15514963312992258,
                            0.41555690483152774
                        ]
                    ]
                }
            ]
        },
        {
            "label": "Dependents/Third Dependent/Name",
            "key": null,
            "labelType": "region",
            "value": [
                {
                    "page": 1,
                    "text": "",
                    "boundingBoxes": [
                        [
                            0.15514963312992258,
                            0.41784369114877573,
                            0.4331568785706374,
                            0.41784369114877573,
                            0.4331568785706374,
                            0.4294121685546349,
                            0.15514963312992258,
                            0.4294121685546349
                        ]
                    ]
                }
            ]
        },
        {
            "label": "Dependents/Fourth Dependent/Name",
            "key": null,
            "labelType": "region",
            "value": [
                {
                    "page": 1,
                    "text": "",
                    "boundingBoxes": [
                        [
                            0.15567187592534584,
                            0.43331317219132526,
                            0.43228649516171236,
                            0.43331317219132526,
                            0.43228649516171236,
                            0.44447807371536174,
                            0.15567187592534584,
                            0.44447807371536174
                        ]
                    ]
                }
            ]
        },
        {
            "label": "Dependents/First Dependent/SSN",
            "key": null,
            "labelType": "region",
            "value": [
                {
                    "page": 1,
                    "text": "",
                    "boundingBoxes": [
                        [
                            0.4380746861443201,
                            0.38774550188796825,
                            0.5749022985452128,
                            0.38774550188796825,
                            0.5749022985452128,
                            0.3998520394182345,
                            0.4380746861443201,
                            0.3998520394182345
                        ]
                    ]
                }
            ]
        },
        {
            "label": "Dependents/Second Dependent/SSN",
            "key": null,
            "labelType": "region",
            "value": [
                {
                    "page": 1,
                    "text": "",
                    "boundingBoxes": [
                        [
                            0.4391191717351667,
                            0.4036185095507129,
                            0.5749022985452128,
                            0.4036185095507129,
                            0.5749022985452128,
                            0.41572504708097924,
                            0.4391191717351667,
                            0.41572504708097924
                        ]
                    ]
                }
            ]
        },
        {
            "label": "Dependents/Third Dependent/SSN",
            "key": null,
            "labelType": "region",
            "value": [
                {
                    "page": 1,
                    "text": "",
                    "boundingBoxes": [
                        [
                            0.4376829934226958,
                            0.41851627656712387,
                            0.5746846761303392,
                            0.41851627656712387,
                            0.5746846761303392,
                            0.4296812027219741,
                            0.4376829934226958,
                            0.4296812027219741
                        ]
                    ]
                }
            ]
        },
        {
            "label": "Dependents/Fourth Dependent/SSN",
            "key": null,
            "labelType": "region",
            "value": [
                {
                    "page": 1,
                    "text": "",
                    "boundingBoxes": [
                        [
                            0.43785706372944666,
                            0.4330441216034435,
                            0.5755550914144348,
                            0.4330441216034435,
                            0.5755550914144348,
                            0.4452851926379218,
                            0.43785706372944666,
                            0.4452851926379218
                        ]
                    ]
                }
            ]
        },
        {
            "label": "Dependents/First Dependent/Relationship",
            "key": null,
            "labelType": "region",
            "value": [
                {
                    "page": 1,
                    "text": "",
                    "boundingBoxes": [
                        [
                            0.5781663053915511,
                            0.38798090267925445,
                            0.6789591649082393,
                            0.38798090267925445,
                            0.6789591649082393,
                            0.399818410147317,
                            0.5781663053915511,
                            0.399818410147317
                        ]
                    ]
                }
            ]
        },
        {
            "label": "Dependents/Second Dependent/Relationship",
            "key": null,
            "labelType": "region",
            "value": [
                {
                    "page": 1,
                    "text": "",
                    "boundingBoxes": [
                        [
                            0.5786885481869745,
                            0.4027777777777777,
                            0.6801777208058366,
                            0.4027777777777777,
                            0.6801777208058366,
                            0.4152878665590528,
                            0.5786885481869745,
                            0.4152878665590528
                        ]
                    ]
                }
            ]
        },
        {
            "label": "Dependents/Third Dependent/Relationship",
            "key": null,
            "labelType": "region",
            "value": [
                {
                    "page": 1,
                    "text": "",
                    "boundingBoxes": [
                        [
                            0.5776440625961279,
                            0.41770917406510627,
                            0.6806999636012598,
                            0.41770917406510627,
                            0.6806999636012598,
                            0.42995023278417777,
                            0.5776440625961279,
                            0.42995023278417777
                        ]
                    ]
                }
            ]
        },
        {
            "label": "Dependents/Fourth Dependent/Relationship",
            "key": null,
            "labelType": "region",
            "value": [
                {
                    "page": 1,
                    "text": "",
                    "boundingBoxes": [
                        [
                            0.5781663053915511,
                            0.43344767285445235,
                            0.6798295801923349,
                            0.43344767285445235,
                            0.6798295801923349,
                            0.44474710788270094,
                            0.5781663053915511,
                            0.44474710788270094
                        ]
                    ]
                }
            ]
        },
        {
            "label": "Email",
            "key": null,
            "labelType": "region",
            "value": [
                {
                    "page": 2,
                    "text": "",
                    "boundingBoxes": [
                        [
                            0.5301635203207343,
                            0.6758810951083074,
                            0.9333349583874865,
                            0.6758810951083074,
                            0.9333349583874865,
                            0.6869114877589455,
                            0.5301635203207343,
                            0.6869114877589455
                        ]
                    ]
                }
            ]
        },
        {
            "label": "PhoneNumber",
            "key": null,
            "labelType": "region",
            "value": [
                {
                    "page": 2,
                    "text": "",
                    "boundingBoxes": [
                        [
                            0.22552186840705557,
                            0.6756120527306968,
                            0.4431230119166311,
                            0.6756120527306968,
                            0.4431230119166311,
                            0.6866424700121486,
                            0.22552186840705557,
                            0.6866424700121486
                        ]
                    ]
                }
            ]
        },
        {
            "label": "PreparerPhoneNumber",
            "key": null,
            "labelType": "region",
            "value": [
                {
                    "page": 2,
                    "text": "",
                    "boundingBoxes": [
                        [
                            0.8173970153032967,
                            0.7218859623541329,
                            0.9368165770236416,
                            0.7218859623541329,
                            0.9368165770236416,
                            0.7329163303739574,
                            0.8173970153032967,
                            0.7329163303739574
                        ]
                    ]
                }
            ]
        },
        {
            "label": "DesigneePhoneNumber",
            "key": null,
            "labelType": "region",
            "value": [
                {
                    "page": 2,
                    "text": "",
                    "boundingBoxes": [
                        [
                            0.5423491642971632,
                            0.5459375922834484,
                            0.6927550893790604,
                            0.5459375922834484,
                            0.6927550893790604,
                            0.5658461124562819,
                            0.5423491642971632,
                            0.5658461124562819
                        ]
                    ]
                }
            ]
        },
        {
            "label": "RoutingNumber",
            "key": null,
            "labelType": "region",
            "value": [
                {
                    "page": 2,
                    "text": "",
                    "boundingBoxes": [
                        [
                            0.28227225217638263,
                            0.4087301669404298,
                            0.49465096773172557,
                            0.4087301669404298,
                            0.49465096773172557,
                            0.4219128370349176,
                            0.28227225217638263,
                            0.4219128370349176
                        ]
                    ]
                }
            ]
        },
        {
            "label": "AccountNumber",
            "key": null,
            "labelType": "region",
            "value": [
                {
                    "page": 2,
                    "text": "",
                    "boundingBoxes": [
                        [
                            0.2826797385620915,
                            0.42171717171717177,
                            0.6798440103515035,
                            0.424089783506215,
                            0.6815847026318773,
                            0.4380789447631285,
                            0.2839042396619665,
                            0.4378699230063752
                        ]
                    ]
                }
            ]
        },
        {
            "label": "SocialSecurityBenefits",
            "key": null,
            "labelType": "region",
            "value": [
                {
                    "page": 1,
                    "text": "",
                    "boundingBoxes": [
                        [
                            0.4135292960095409,
                            0.5236077646045617,
                            0.5270300210479674,
                            0.5236077646045617,
                            0.5270300210479674,
                            0.5354452597572177,
                            0.4135292960095409,
                            0.5354452597572177
                        ]
                    ]
                }
            ]
        },
        {
            "label": "SocialSecurityBenefitsTaxable",
            "key": null,
            "labelType": "region",
            "value": [
                {
                    "page": 1,
                    "text": "",
                    "boundingBoxes": [
                        [
                            0.825404759416567,
                            0.5236077646045617,
                            0.9399500337961814,
                            0.5236077646045617,
                            0.9399500337961814,
                            0.5367904223836426,
                            0.825404759416567,
                            0.5367904223836426
                        ]
                    ]
                }
            ]
        }
    ],
    "labelingState": 2
}