{
    "$schema": "https://schema.cognitiveservices.azure.com/formrecognizer/2021-03-01/labels.json",
    "document": "f1040_4.pdf",
    "labels": [
        {
            "label": "PresidentialElectionCampaignYou",
            "key": null,
            "value": [
                {
                    "page": 1,
                    "text": "selected",
                    "boundingBoxes": [
                        [
                            0.8235294117647058,
                            0.2657818181818182,
                            0.8366,
                            0.2657818181818182,
                            0.8366,
                            0.2758818181818182,
                            0.8235294117647058,
                            0.2758818181818182
                        ]
                    ]
                }
            ]
        },
        {
            "label": "IdentityProtectionPIN",
            "key": null,
            "value": [
                {
                    "page": 2,
                    "text": "14445",
                    "boundingBoxes": [
                        [
                            0.8308941176470588,
                            0.6236999999999999,
                            0.9129176470588236,
                            0.6241363636363636,
                            0.9129176470588236,
                            0.6336818181818182,
                            0.8314588235294118,
                            0.6336818181818182
                        ]
                    ]
                },
                {
                    "page": 2,
                    "text": "7",
                    "boundingBoxes": [
                        [
                            0.9252823529411764,
                            0.6241363636363636,
                            0.9325882352941176,
                            0.6236999999999999,
                            0.9325882352941176,
                            0.6341181818181818,
                            0.9252823529411764,
                            0.6341181818181818
                        ]
                    ]
                }
            ]
        },
        {
            "label": "Savings",
            "key": null,
            "value": [
                {
                    "page": 2,
                    "text": "selected",
                    "boundingBoxes": [
                        [
                            0.7107882352941176,
                            0.4128818181818181,
                            0.7238588235294118,
                            0.4128818181818181,
                            0.7238588235294118,
                            0.4229818181818182,
                            0.7107882352941176,
                            0.4229818181818182
                        ]
                    ]
                }
            ]
        },
        {
            "label": "DesigneePhoneNumber",
            "key": null,
            "value": [
                {
                    "page": 2,
                    "text": "4225447856",
                    "boundingBoxes": [
                        [
                            0.5808941176470588,
                            0.5525181818181818,
                            0.6522470588235294,
                            0.5525181818181818,
                            0.6522470588235294,
                            0.5616363636363636,
                            0.5808941176470588,
                            0.5611999999999999
                        ]
                    ]
                }
            ]
        },
        {
            "label": "AllowDiscussionYes",
            "key": null,
            "value": [
                {
                    "page": 2,
                    "text": "selected",
                    "boundingBoxes": [
                        [
                            0.6705882352941177,
                            0.5309363636363637,
                            0.6836588235294118,
                            0.5309363636363637,
                            0.6836588235294118,
                            0.5410363636363636,
                            0.6705882352941177,
                            0.5410363636363636
                        ]
                    ]
                }
            ]
        },
        {
            "label": "PresidentialElectionCampaignSpouse",
            "key": null,
            "value": [
                {
                    "page": 1,
                    "text": "unselected",
                    "boundingBoxes": [
                        [
                            0.8823529411764706,
                            0.2657818181818182,
                            0.8954235294117647,
                            0.2657818181818182,
                            0.8954235294117647,
                            0.2758818181818182,
                            0.8823529411764706,
                            0.2758818181818182
                        ]
                    ]
                }
            ]
        },
        {
            "label": "FirmName",
            "key": null,
            "value": [
                {
                    "page": 2,
                    "text": "Self-Prepared",
                    "boundingBoxes": [
                        [
                            0.25,
                            0.7226545454545454,
                            0.33258823529411763,
                            0.7226545454545454,
                            0.33258823529411763,
                            0.7330727272727273,
                            0.2505647058823529,
                            0.7326363636363635
                        ]
                    ]
                }
            ]
        },
        {
            "label": "8814Form",
            "key": null,
            "value": [
                {
                    "page": 2,
                    "text": "unselected",
                    "boundingBoxes": [
                        [
                            0.4856235294117647,
                            0.049245454545454544,
                            0.49869411764705884,
                            0.049245454545454544,
                            0.49869411764705884,
                            0.05934545454545455,
                            0.4856235294117647,
                            0.05934545454545455
                        ]
                    ]
                }
            ]
        },
        {
            "label": "Occupation",
            "key": null,
            "value": [
                {
                    "page": 2,
                    "text": "Accountant",
                    "boundingBoxes": [
                        [
                            0.5314588235294118,
                            0.6197909090909092,
                            0.6056235294117647,
                            0.6197909090909092,
                            0.6056235294117647,
                            0.6293363636363636,
                            0.5308941176470588,
                            0.628909090909091
                        ]
                    ]
                }
            ]
        },
        {
            "label": "LastName",
            "key": null,
            "value": [
                {
                    "page": 1,
                    "text": "Kane",
                    "boundingBoxes": [
                        [
                            0.3904470588235294,
                            0.14583636363636365,
                            0.42247058823529415,
                            0.14583636363636365,
                            0.42247058823529415,
                            0.15494545454545453,
                            0.3904470588235294,
                            0.1545181818181818
                        ]
                    ]
                }
            ]
        },
        {
            "label": "DesigneeName",
            "key": null,
            "value": [
                {
                    "page": 2,
                    "text": "Erik",
                    "boundingBoxes": [
                        [
                            0.2370823529411765,
                            0.5481727272727273,
                            0.2601176470588235,
                            0.5481727272727273,
                            0.2601176470588235,
                            0.5577272727272727,
                            0.2370823529411765,
                            0.5577272727272727
                        ]
                    ]
                },
                {
                    "page": 2,
                    "text": "Botticelli",
                    "boundingBoxes": [
                        [
                            0.26291764705882353,
                            0.5481727272727273,
                            0.32078823529411765,
                            0.5481727272727273,
                            0.32078823529411765,
                            0.5577272727272727,
                            0.26291764705882353,
                            0.5577272727272727
                        ]
                    ]
                }
            ]
        },
        {
            "label": "Blind",
            "key": null,
            "value": [
                {
                    "page": 1,
                    "text": "unselected",
                    "boundingBoxes": [
                        [
                            0.4268,
                            0.3428,
                            0.4398705882352941,
                            0.3428,
                            0.4398705882352941,
                            0.3529,
                            0.4268,
                            0.3529
                        ]
                    ]
                }
            ]
        },
        {
            "label": "AllowDiscussionNo",
            "key": null,
            "value": [
                {
                    "page": 2,
                    "text": "unselected",
                    "boundingBoxes": [
                        [
                            0.8352941176470587,
                            0.5309363636363637,
                            0.8483647058823529,
                            0.5309363636363637,
                            0.8483647058823529,
                            0.5410363636363636,
                            0.8352941176470587,
                            0.5410363636363636
                        ]
                    ]
                }
            ]
        },
        {
            "label": "Form8888",
            "key": null,
            "value": [
                {
                    "page": 2,
                    "text": "selected",
                    "boundingBoxes": [
                        [
                            0.7601294117647059,
                            0.3971,
                            0.7732,
                            0.3971,
                            0.7732,
                            0.40719999999999995,
                            0.7601294117647059,
                            0.40719999999999995
                        ]
                    ]
                }
            ]
        },
        {
            "label": "OverFourDependents",
            "key": null,
            "value": [
                {
                    "page": 1,
                    "text": "unselected",
                    "boundingBoxes": [
                        [
                            0.10669411764705883,
                            0.43276363636363635,
                            0.11976470588235294,
                            0.43276363636363635,
                            0.11976470588235294,
                            0.4428636363636364,
                            0.10669411764705883,
                            0.4428636363636364
                        ]
                    ]
                }
            ]
        },
        {
            "label": "RoutingNumber",
            "key": null,
            "value": [
                {
                    "page": 2,
                    "text": "2",
                    "boundingBoxes": [
                        [
                            0.2915764705882353,
                            0.4140636363636364,
                            0.2960705882352941,
                            0.41319090909090905,
                            0.29775294117647055,
                            0.42057272727272726,
                            0.29269411764705877,
                            0.42144545454545457
                        ]
                    ]
                },
                {
                    "page": 2,
                    "text": "1",
                    "boundingBoxes": [
                        [
                            0.3134823529411765,
                            0.4097181818181818,
                            0.3213529411764706,
                            0.4097181818181818,
                            0.3213529411764706,
                            0.42230909090909097,
                            0.3134823529411765,
                            0.42230909090909097
                        ]
                    ]
                },
                {
                    "page": 2,
                    "text": "|",
                    "boundingBoxes": [
                        [
                            0.32471764705882356,
                            0.4097181818181818,
                            0.3314588235294118,
                            0.4097181818181818,
                            0.33089411764705884,
                            0.42230909090909097,
                            0.3241529411764706,
                            0.42230909090909097
                        ]
                    ]
                },
                {
                    "page": 2,
                    "text": "6",
                    "boundingBoxes": [
                        [
                            0.3370823529411765,
                            0.4123272727272727,
                            0.3432588235294118,
                            0.4123272727272727,
                            0.3432588235294118,
                            0.42057272727272726,
                            0.33651764705882353,
                            0.42013636363636364
                        ]
                    ]
                },
                {
                    "page": 2,
                    "text": "6",
                    "boundingBoxes": [
                        [
                            0.36067058823529413,
                            0.4123272727272727,
                            0.3662941176470588,
                            0.4127636363636364,
                            0.36572941176470586,
                            0.42057272727272726,
                            0.36011764705882354,
                            0.42013636363636364
                        ]
                    ]
                },
                {
                    "page": 2,
                    "text": "7",
                    "boundingBoxes": [
                        [
                            0.38483529411764705,
                            0.41145454545454546,
                            0.39101176470588234,
                            0.41145454545454546,
                            0.39101176470588234,
                            0.42013636363636364,
                            0.38483529411764705,
                            0.41970909090909087
                        ]
                    ]
                },
                {
                    "page": 2,
                    "text": "8",
                    "boundingBoxes": [
                        [
                            0.4073058823529412,
                            0.4123272727272727,
                            0.41404705882352943,
                            0.4123272727272727,
                            0.41404705882352943,
                            0.4210090909090909,
                            0.4073058823529412,
                            0.4210090909090909
                        ]
                    ]
                },
                {
                    "page": 2,
                    "text": "8",
                    "boundingBoxes": [
                        [
                            0.42977647058823526,
                            0.4118909090909091,
                            0.4370823529411765,
                            0.4118909090909091,
                            0.4370823529411765,
                            0.42057272727272726,
                            0.42977647058823526,
                            0.42057272727272726
                        ]
                    ]
                },
                {
                    "page": 2,
                    "text": "9",
                    "boundingBoxes": [
                        [
                            0.4539294117647059,
                            0.4118909090909091,
                            0.4595529411764706,
                            0.41145454545454546,
                            0.46067058823529417,
                            0.41970909090909087,
                            0.4544941176470588,
                            0.42013636363636364
                        ]
                    ]
                },
                {
                    "page": 2,
                    "text": "9",
                    "boundingBoxes": [
                        [
                            0.47640000000000005,
                            0.4118909090909091,
                            0.48314117647058824,
                            0.41145454545454546,
                            0.4842705882352941,
                            0.41970909090909087,
                            0.4775294117647059,
                            0.42057272727272726
                        ]
                    ]
                }
            ]
        },
        {
            "label": "FinancialInterestNo",
            "key": null,
            "value": [
                {
                    "page": 1,
                    "text": "unselected",
                    "boundingBoxes": [
                        [
                            0.8823529411764706,
                            0.2866181818181818,
                            0.8954235294117647,
                            0.2866181818181818,
                            0.8954235294117647,
                            0.2967181818181818,
                            0.8823529411764706,
                            0.2967181818181818
                        ]
                    ]
                }
            ]
        },
        {
            "label": "StandardDeductionOther",
            "key": null,
            "value": [
                {
                    "page": 1,
                    "text": "unselected",
                    "boundingBoxes": [
                        [
                            0.15621176470588236,
                            0.3207090909090909,
                            0.16928235294117647,
                            0.3207090909090909,
                            0.16928235294117647,
                            0.3308090909090909,
                            0.15621176470588236,
                            0.3308090909090909
                        ]
                    ]
                }
            ]
        },
        {
            "label": "AppliedToEstimatedTax",
            "key": null,
            "value": [
                {
                    "page": 2,
                    "text": "1,800.00",
                    "boundingBoxes": [
                        [
                            0.734835294117647,
                            0.4422727272727273,
                            0.784270588235294,
                            0.44183636363636364,
                            0.7848352941176471,
                            0.4513909090909091,
                            0.7353882352941177,
                            0.45225454545454546
                        ]
                    ]
                }
            ]
        },
        {
            "label": "line16+17",
            "key": null,
            "value": [
                {
                    "page": 2,
                    "text": "0.00",
                    "boundingBoxes": [
                        [
                            0.9129176470588236,
                            0.0789909090909091,
                            0.9382,
                            0.07942727272727274,
                            0.937635294117647,
                            0.0881090909090909,
                            0.9129176470588236,
                            0.08767272727272728
                        ]
                    ]
                }
            ]
        },
        {
            "label": "FirstName",
            "key": null,
            "value": [
                {
                    "page": 1,
                    "text": "James",
                    "boundingBoxes": [
                        [
                            0.06011764705882353,
                            0.1467,
                            0.09887058823529413,
                            0.14713636363636365,
                            0.09887058823529413,
                            0.15538181818181818,
                            0.06011764705882353,
                            0.15538181818181818
                        ]
                    ]
                }
            ]
        },
        {
            "label": "Line12+13",
            "key": null,
            "value": [
                {
                    "page": 1,
                    "text": "12,400.00",
                    "boundingBoxes": [
                        [
                            0.8814588235294117,
                            0.6922727272727273,
                            0.9382,
                            0.6927090909090908,
                            0.9382,
                            0.7022545454545455,
                            0.8814588235294117,
                            0.7018272727272727
                        ]
                    ]
                }
            ]
        },
        {
            "label": "AmountOverpaid",
            "key": null,
            "value": [
                {
                    "page": 2,
                    "text": "1,800.00",
                    "boundingBoxes": [
                        [
                            0.8893294117647059,
                            0.38194545454545453,
                            0.9382,
                            0.38194545454545453,
                            0.9382,
                            0.3914909090909091,
                            0.8893294117647059,
                            0.3914909090909091
                        ]
                    ]
                }
            ]
        },
        {
            "label": "SSN",
            "key": null,
            "value": [
                {
                    "page": 1,
                    "text": "2",
                    "boundingBoxes": [
                        [
                            0.773035294117647,
                            0.1454,
                            0.7820235294117647,
                            0.14496363636363638,
                            0.7820235294117647,
                            0.15625454545454545,
                            0.773035294117647,
                            0.15625454545454545
                        ]
                    ]
                },
                {
                    "page": 1,
                    "text": "4",
                    "boundingBoxes": [
                        [
                            0.7904470588235294,
                            0.14496363636363638,
                            0.7988705882352941,
                            0.14496363636363638,
                            0.7988705882352941,
                            0.15668181818181817,
                            0.7904470588235294,
                            0.15625454545454545
                        ]
                    ]
                },
                {
                    "page": 1,
                    "text": "5",
                    "boundingBoxes": [
                        [
                            0.8095529411764706,
                            0.14452727272727273,
                            0.8174117647058824,
                            0.14452727272727273,
                            0.8174117647058824,
                            0.15668181818181817,
                            0.8089882352941177,
                            0.15668181818181817
                        ]
                    ]
                },
                {
                    "page": 1,
                    "text": "3",
                    "boundingBoxes": [
                        [
                            0.8297764705882352,
                            0.14452727272727273,
                            0.8382,
                            0.14452727272727273,
                            0.8382,
                            0.15668181818181817,
                            0.8297764705882352,
                            0.15668181818181817
                        ]
                    ]
                },
                {
                    "page": 1,
                    "text": "8",
                    "boundingBoxes": [
                        [
                            0.8477529411764706,
                            0.14452727272727273,
                            0.8561764705882353,
                            0.14452727272727273,
                            0.8561764705882353,
                            0.15668181818181817,
                            0.8477529411764706,
                            0.15668181818181817
                        ]
                    ]
                },
                {
                    "page": 1,
                    "text": "4",
                    "boundingBoxes": [
                        [
                            0.8668588235294117,
                            0.14452727272727273,
                            0.8758470588235294,
                            0.14452727272727273,
                            0.8758470588235294,
                            0.15668181818181817,
                            0.8662941176470589,
                            0.15668181818181817
                        ]
                    ]
                },
                {
                    "page": 1,
                    "text": "5",
                    "boundingBoxes": [
                        [
                            0.8865176470588235,
                            0.14452727272727273,
                            0.8943764705882353,
                            0.14452727272727273,
                            0.8943764705882353,
                            0.15668181818181817,
                            0.8859529411764706,
                            0.15668181818181817
                        ]
                    ]
                },
                {
                    "page": 1,
                    "text": "6",
                    "boundingBoxes": [
                        [
                            0.9050588235294117,
                            0.14452727272727273,
                            0.9134823529411764,
                            0.14452727272727273,
                            0.9129176470588236,
                            0.15668181818181817,
                            0.9050588235294117,
                            0.15668181818181817
                        ]
                    ]
                },
                {
                    "page": 1,
                    "text": "7",
                    "boundingBoxes": [
                        [
                            0.9247176470588235,
                            0.14452727272727273,
                            0.9331411764705883,
                            0.14496363636363638,
                            0.9331411764705883,
                            0.15668181818181817,
                            0.9247176470588235,
                            0.15668181818181817
                        ]
                    ]
                }
            ]
        },
        {
            "label": "Tax",
            "key": null,
            "value": [
                {
                    "page": 2,
                    "text": "0.00",
                    "boundingBoxes": [
                        [
                            0.9134823529411764,
                            0.049045454545454545,
                            0.937635294117647,
                            0.049045454545454545,
                            0.937635294117647,
                            0.05772727272727273,
                            0.9134823529411764,
                            0.05772727272727273
                        ]
                    ]
                }
            ]
        },
        {
            "label": "TotalIncome",
            "key": null,
            "value": [
                {
                    "page": 1,
                    "text": "48,500.00",
                    "boundingBoxes": [
                        [
                            0.8808941176470588,
                            0.5711818181818182,
                            0.9393294117647059,
                            0.5716181818181818,
                            0.9393294117647059,
                            0.5807272727272728,
                            0.8803411764705882,
                            0.5807272727272728
                        ]
                    ]
                }
            ]
        },
        {
            "label": "City",
            "key": null,
            "value": [
                {
                    "page": 1,
                    "text": "Los",
                    "boundingBoxes": [
                        [
                            0.06011764705882353,
                            0.23698181818181815,
                            0.08258823529411764,
                            0.23654545454545453,
                            0.08258823529411764,
                            0.2474,
                            0.06011764705882353,
                            0.24696363636363639
                        ]
                    ]
                },
                {
                    "page": 1,
                    "text": "Angeles",
                    "boundingBoxes": [
                        [
                            0.08538823529411765,
                            0.23654545454545453,
                            0.13820000000000002,
                            0.23654545454545453,
                            0.13763529411764705,
                            0.2474,
                            0.08538823529411765,
                            0.2474
                        ]
                    ]
                }
            ]
        },
        {
            "label": "SpouseBlind",
            "key": null,
            "value": [
                {
                    "page": 1,
                    "text": "unselected",
                    "boundingBoxes": [
                        [
                            0.8268,
                            0.3428,
                            0.839870588235294,
                            0.3428,
                            0.839870588235294,
                            0.3529,
                            0.8268,
                            0.3529
                        ]
                    ]
                }
            ]
        },
        {
            "label": "Checkings",
            "key": null,
            "value": [
                {
                    "page": 2,
                    "text": "unselected",
                    "boundingBoxes": [
                        [
                            0.6166705882352941,
                            0.4128818181818181,
                            0.6297411764705882,
                            0.4128818181818181,
                            0.6297411764705882,
                            0.4229818181818182,
                            0.6166705882352941,
                            0.4229818181818182
                        ]
                    ]
                }
            ]
        },
        {
            "label": "AdjustedGrossIncome",
            "key": null,
            "value": [
                {
                    "page": 1,
                    "text": "48,500.00",
                    "boundingBoxes": [
                        [
                            0.8808941176470588,
                            0.6466999999999999,
                            0.938764705882353,
                            0.6475727272727273,
                            0.9382,
                            0.6571181818181818,
                            0.8808941176470588,
                            0.6566818181818181
                        ]
                    ]
                }
            ]
        },
        {
            "label": "DesigneePIN",
            "key": null,
            "value": [
                {
                    "page": 2,
                    "text": "1",
                    "boundingBoxes": [
                        [
                            0.8325882352941176,
                            0.5551181818181818,
                            0.8404470588235293,
                            0.5555545454545455,
                            0.8410117647058823,
                            0.5655363636363636,
                            0.8331411764705882,
                            0.5655363636363636
                        ]
                    ]
                },
                {
                    "page": 2,
                    "text": "4",
                    "boundingBoxes": [
                        [
                            0.8539294117647058,
                            0.5555545454545455,
                            0.8612352941176471,
                            0.5555545454545455,
                            0.8612352941176471,
                            0.5655363636363636,
                            0.8539294117647058,
                            0.5655363636363636
                        ]
                    ]
                },
                {
                    "page": 2,
                    "text": "45",
                    "boundingBoxes": [
                        [
                            0.876964705882353,
                            0.5559909090909091,
                            0.9073058823529412,
                            0.5568545454545455,
                            0.9073058823529412,
                            0.5659727272727273,
                            0.876964705882353,
                            0.5655363636363636
                        ]
                    ]
                },
                {
                    "page": 2,
                    "text": "3",
                    "boundingBoxes": [
                        [
                            0.9247176470588235,
                            0.5564272727272728,
                            0.9314588235294118,
                            0.5568545454545455,
                            0.9308941176470589,
                            0.5659727272727273,
                            0.9241529411764705,
                            0.5655363636363636
                        ]
                    ]
                }
            ]
        },
        {
            "label": "BornBefore",
            "key": null,
            "value": [
                {
                    "page": 1,
                    "text": "unselected",
                    "boundingBoxes": [
                        [
                            0.19150588235294116,
                            0.3428,
                            0.20457647058823528,
                            0.3428,
                            0.20457647058823528,
                            0.3529,
                            0.19150588235294116,
                            0.3529
                        ]
                    ]
                }
            ]
        },
        {
            "label": "AmountRefund",
            "key": null,
            "value": [
                {
                    "page": 2,
                    "text": "1,800.00",
                    "boundingBoxes": [
                        [
                            0.8887647058823529,
                            0.3975727272727273,
                            0.9382,
                            0.3971363636363636,
                            0.9382,
                            0.40668181818181814,
                            0.8887647058823529,
                            0.40668181818181814
                        ]
                    ]
                }
            ]
        },
        {
            "label": "FilingStatusMFS",
            "key": null,
            "value": [
                {
                    "page": 1,
                    "text": "selected",
                    "boundingBoxes": [
                        [
                            0.3797411764705882,
                            0.08585454545454546,
                            0.39281176470588236,
                            0.08585454545454546,
                            0.39281176470588236,
                            0.09595454545454546,
                            0.3797411764705882,
                            0.09595454545454546
                        ]
                    ]
                }
            ]
        },
        {
            "label": "TotalOtherPaymentRefundableCredit",
            "key": null,
            "value": [
                {
                    "page": 2,
                    "text": "1,800.00",
                    "boundingBoxes": [
                        [
                            0.8893294117647059,
                            0.35156363636363636,
                            0.938764705882353,
                            0.35112727272727273,
                            0.938764705882353,
                            0.3611090909090909,
                            0.8893294117647059,
                            0.3611090909090909
                        ]
                    ]
                }
            ]
        },
        {
            "label": "TaxableIncome",
            "key": null,
            "value": [
                {
                    "page": 1,
                    "text": "36,100.00",
                    "boundingBoxes": [
                        [
                            0.8820235294117648,
                            0.7079,
                            0.9382,
                            0.7074636363636363,
                            0.9382,
                            0.7170181818181818,
                            0.8814588235294117,
                            0.7174454545454545
                        ]
                    ]
                }
            ]
        },
        {
            "label": "StandardDeductionSpouse",
            "key": null,
            "value": [
                {
                    "page": 1,
                    "text": "unselected",
                    "boundingBoxes": [
                        [
                            0.4620941176470588,
                            0.30555454545454547,
                            0.47516470588235293,
                            0.30555454545454547,
                            0.47516470588235293,
                            0.31565454545454547,
                            0.4620941176470588,
                            0.31565454545454547
                        ]
                    ]
                }
            ]
        },
        {
            "label": "4972Form",
            "key": null,
            "value": [
                {
                    "page": 2,
                    "text": "unselected",
                    "boundingBoxes": [
                        [
                            0.5679764705882353,
                            0.049245454545454544,
                            0.5810470588235295,
                            0.049245454545454544,
                            0.5810470588235295,
                            0.05934545454545455,
                            0.5679764705882353,
                            0.05934545454545455
                        ]
                    ]
                }
            ]
        },
        {
            "label": "PensionsAnnuities",
            "key": null,
            "value": [
                {
                    "page": 1,
                    "text": "48,500.00",
                    "boundingBoxes": [
                        [
                            0.8820235294117648,
                            0.45009090909090904,
                            0.938764705882353,
                            0.45009090909090904,
                            0.938764705882353,
                            0.4600727272727273,
                            0.8814588235294117,
                            0.4600727272727273
                        ]
                    ]
                }
            ]
        },
        {
            "label": "AptNo",
            "key": null,
            "value": [
                {
                    "page": 1,
                    "text": "355",
                    "boundingBoxes": [
                        [
                            0.7129176470588235,
                            0.20616363636363635,
                            0.7342705882352941,
                            0.20616363636363635,
                            0.7342705882352941,
                            0.21570909090909088,
                            0.7129176470588235,
                            0.21570909090909088
                        ]
                    ]
                }
            ]
        },
        {
            "label": "StandardDeduction",
            "key": null,
            "value": [
                {
                    "page": 1,
                    "text": "12,400.00",
                    "boundingBoxes": [
                        [
                            0.8820235294117648,
                            0.6623272727272727,
                            0.938764705882353,
                            0.6623272727272727,
                            0.9393294117647059,
                            0.6718727272727273,
                            0.8820235294117648,
                            0.672309090909091
                        ]
                    ]
                }
            ]
        },
        {
            "label": "FilingStatsQW",
            "key": null,
            "value": [
                {
                    "page": 1,
                    "text": "unselected",
                    "boundingBoxes": [
                        [
                            0.7679764705882353,
                            0.08585454545454546,
                            0.7810470588235293,
                            0.08585454545454546,
                            0.7810470588235293,
                            0.09595454545454546,
                            0.7679764705882353,
                            0.09595454545454546
                        ]
                    ]
                }
            ]
        },
        {
            "label": "Line18-21",
            "key": null,
            "value": [
                {
                    "page": 2,
                    "text": "0.00",
                    "boundingBoxes": [
                        [
                            0.9140470588235294,
                            0.13975454545454546,
                            0.9382,
                            0.13932727272727272,
                            0.9382,
                            0.148,
                            0.9140470588235294,
                            0.14843636363636364
                        ]
                    ]
                }
            ]
        },
        {
            "label": "Address",
            "key": null,
            "value": [
                {
                    "page": 1,
                    "text": "1422",
                    "boundingBoxes": [
                        [
                            0.06067058823529412,
                            0.20616363636363635,
                            0.08876470588235294,
                            0.20616363636363635,
                            0.08932941176470588,
                            0.2170181818181818,
                            0.061235294117647054,
                            0.21658181818181818
                        ]
                    ]
                },
                {
                    "page": 1,
                    "text": "Sample",
                    "boundingBoxes": [
                        [
                            0.09157647058823529,
                            0.20616363636363635,
                            0.13876470588235293,
                            0.20572727272727273,
                            0.13876470588235293,
                            0.21744545454545455,
                            0.09212941176470589,
                            0.21744545454545455
                        ]
                    ]
                },
                {
                    "page": 1,
                    "text": "Street",
                    "boundingBoxes": [
                        [
                            0.1415764705882353,
                            0.20572727272727273,
                            0.18145882352941176,
                            0.20616363636363635,
                            0.18089411764705884,
                            0.2170181818181818,
                            0.14212941176470587,
                            0.21744545454545455
                        ]
                    ]
                }
            ]
        },
        {
            "label": "SelfEmployed",
            "key": null,
            "value": [
                {
                    "page": 2,
                    "text": "selected",
                    "boundingBoxes": [
                        [
                            0.8352941176470587,
                            0.7058090909090908,
                            0.8483647058823529,
                            0.7058090909090908,
                            0.8483647058823529,
                            0.7159090909090909,
                            0.8352941176470587,
                            0.7159090909090909
                        ]
                    ]
                }
            ]
        },
        {
            "label": "ZIP",
            "key": null,
            "value": [
                {
                    "page": 1,
                    "text": "14432",
                    "boundingBoxes": [
                        [
                            0.6943764705882353,
                            0.23698181818181815,
                            0.7286470588235294,
                            0.23654545454545453,
                            0.7286470588235294,
                            0.24609090909090908,
                            0.6943764705882353,
                            0.2456636363636364
                        ]
                    ]
                }
            ]
        },
        {
            "label": "SpouseBornBefore",
            "key": null,
            "value": [
                {
                    "page": 1,
                    "text": "unselected",
                    "boundingBoxes": [
                        [
                            0.5915058823529412,
                            0.3428,
                            0.6045764705882353,
                            0.3428,
                            0.6045764705882353,
                            0.3529,
                            0.5915058823529412,
                            0.3529
                        ]
                    ]
                }
            ]
        },
        {
            "label": "State",
            "key": null,
            "value": [
                {
                    "page": 1,
                    "text": "CA",
                    "boundingBoxes": [
                        [
                            0.5960705882352941,
                            0.23698181818181815,
                            0.6106705882352941,
                            0.23698181818181815,
                            0.6106705882352941,
                            0.2452272727272727,
                            0.5960705882352941,
                            0.2452272727272727
                        ]
                    ]
                }
            ]
        },
        {
            "label": "FilingStatusMarriedJoint",
            "key": null,
            "value": [
                {
                    "page": 1,
                    "text": "unselected",
                    "boundingBoxes": [
                        [
                            0.2268,
                            0.08585454545454546,
                            0.2398705882352941,
                            0.08585454545454546,
                            0.2398705882352941,
                            0.09595454545454546,
                            0.2268,
                            0.09595454545454546
                        ]
                    ]
                }
            ]
        },
        {
            "label": "StandardDeductionSelf",
            "key": null,
            "value": [
                {
                    "page": 1,
                    "text": "selected",
                    "boundingBoxes": [
                        [
                            0.2973882352941177,
                            0.30555454545454547,
                            0.3104588235294118,
                            0.30555454545454547,
                            0.3104588235294118,
                            0.31565454545454547,
                            0.2973882352941177,
                            0.31565454545454547
                        ]
                    ]
                }
            ]
        },
        {
            "label": "FilingStatusSingle",
            "key": null,
            "value": [
                {
                    "page": 1,
                    "text": "unselected",
                    "boundingBoxes": [
                        [
                            0.15621176470588236,
                            0.08585454545454546,
                            0.16928235294117647,
                            0.08585454545454546,
                            0.16928235294117647,
                            0.09595454545454546,
                            0.15621176470588236,
                            0.09595454545454546
                        ]
                    ]
                }
            ]
        },
        {
            "label": "FinancialInterestYes",
            "key": null,
            "value": [
                {
                    "page": 1,
                    "text": "selected",
                    "boundingBoxes": [
                        [
                            0.8235294117647058,
                            0.2866181818181818,
                            0.8366,
                            0.2866181818181818,
                            0.8366,
                            0.2967181818181818,
                            0.8235294117647058,
                            0.2967181818181818
                        ]
                    ]
                }
            ]
        },
        {
            "label": "TotalTax",
            "key": null,
            "value": [
                {
                    "page": 2,
                    "text": "0.00",
                    "boundingBoxes": [
                        [
                            0.9129176470588236,
                            0.16970909090909092,
                            0.9382,
                            0.16970909090909092,
                            0.9382,
                            0.17881818181818182,
                            0.9129176470588236,
                            0.17881818181818182
                        ]
                    ]
                }
            ]
        },
        {
            "label": "TotalPayments",
            "key": null,
            "value": [
                {
                    "page": 2,
                    "text": "1,800.00",
                    "boundingBoxes": [
                        [
                            0.8893294117647059,
                            0.3671909090909091,
                            0.9382,
                            0.3671909090909091,
                            0.9382,
                            0.3763,
                            0.8893294117647059,
                            0.3763
                        ]
                    ]
                }
            ]
        },
        {
            "label": "OtherTaxes",
            "key": null,
            "value": [
                {
                    "page": 2,
                    "text": "0.00",
                    "boundingBoxes": [
                        [
                            0.9140470588235294,
                            0.15494545454545453,
                            0.937635294117647,
                            0.15494545454545453,
                            0.937635294117647,
                            0.16362727272727273,
                            0.9140470588235294,
                            0.16362727272727273
                        ]
                    ]
                }
            ]
        },
        {
            "label": "FilingStatusHOH",
            "key": null,
            "value": [
                {
                    "page": 1,
                    "text": "unselected",
                    "boundingBoxes": [
                        [
                            0.5915058823529412,
                            0.08585454545454546,
                            0.6045764705882353,
                            0.08585454545454546,
                            0.6045764705882353,
                            0.09595454545454546,
                            0.5915058823529412,
                            0.09595454545454546
                        ]
                    ]
                }
            ]
        },
        {
            "label": "ScheduleDNotRequired",
            "key": null,
            "value": [
                {
                    "page": 1,
                    "text": "unselected",
                    "boundingBoxes": [
                        [
                            0.7601294117647059,
                            0.5404,
                            0.7732,
                            0.5404,
                            0.7732,
                            0.5505,
                            0.7601294117647059,
                            0.5505
                        ]
                    ]
                }
            ]
        },
        {
            "label": "FilingStatusNames",
            "key": null,
            "value": [
                {
                    "page": 1,
                    "text": "Abby",
                    "boundingBoxes": [
                        [
                            0.41236470588235297,
                            0.11631818181818182,
                            0.4443764705882353,
                            0.11675454545454546,
                            0.4443764705882353,
                            0.1276,
                            0.4129176470588235,
                            0.1276
                        ]
                    ]
                },
                {
                    "page": 1,
                    "text": "Cinderland",
                    "boundingBoxes": [
                        [
                            0.44718823529411766,
                            0.11675454545454546,
                            0.5168588235294118,
                            0.11675454545454546,
                            0.5168588235294118,
                            0.12717272727272727,
                            0.44718823529411766,
                            0.1276
                        ]
                    ]
                }
            ]
        },
        {
            "label": "Dependents/First Dependent/Name",
            "key": null,
            "value": [
                {
                    "page": 1,
                    "text": "John",
                    "boundingBoxes": [
                        [
                            0.1544941176470588,
                            0.38975454545454546,
                            0.1837058823529412,
                            0.38975454545454546,
                            0.1837058823529412,
                            0.39887272727272727,
                            0.15392941176470587,
                            0.39887272727272727
                        ]
                    ]
                },
                {
                    "page": 1,
                    "text": "Kane",
                    "boundingBoxes": [
                        [
                            0.18708235294117648,
                            0.38975454545454546,
                            0.2202235294117647,
                            0.38975454545454546,
                            0.2202235294117647,
                            0.39887272727272727,
                            0.18708235294117648,
                            0.39887272727272727
                        ]
                    ]
                }
            ]
        },
        {
            "label": "Dependents/Second Dependent/Name",
            "key": null,
            "value": [
                {
                    "page": 1,
                    "text": "Harry",
                    "boundingBoxes": [
                        [
                            0.15392941176470587,
                            0.40451818181818183,
                            0.18763529411764707,
                            0.40451818181818183,
                            0.18763529411764707,
                            0.4153636363636364,
                            0.15392941176470587,
                            0.4149272727272727
                        ]
                    ]
                },
                {
                    "page": 1,
                    "text": "Kane",
                    "boundingBoxes": [
                        [
                            0.18988235294117647,
                            0.40451818181818183,
                            0.22415294117647058,
                            0.4049454545454545,
                            0.22471764705882352,
                            0.4149272727272727,
                            0.18988235294117647,
                            0.4153636363636364
                        ]
                    ]
                }
            ]
        },
        {
            "label": "Dependents/First Dependent/SSN",
            "key": null,
            "value": [
                {
                    "page": 1,
                    "text": "1",
                    "boundingBoxes": [
                        [
                            0.4410117647058824,
                            0.38932727272727274,
                            0.44887058823529413,
                            0.3888909090909091,
                            0.44943529411764704,
                            0.39930909090909095,
                            0.4410117647058824,
                            0.39930909090909095
                        ]
                    ]
                },
                {
                    "page": 1,
                    "text": "2",
                    "boundingBoxes": [
                        [
                            0.4544941176470588,
                            0.3888909090909091,
                            0.4618,
                            0.3888909090909091,
                            0.4618,
                            0.39887272727272727,
                            0.4544941176470588,
                            0.39930909090909095
                        ]
                    ]
                },
                {
                    "page": 1,
                    "text": "4",
                    "boundingBoxes": [
                        [
                            0.4696588235294118,
                            0.3888909090909091,
                            0.4769647058823529,
                            0.3888909090909091,
                            0.4775294117647059,
                            0.39887272727272727,
                            0.4696588235294118,
                            0.39887272727272727
                        ]
                    ]
                },
                {
                    "page": 1,
                    "text": "4",
                    "boundingBoxes": [
                        [
                            0.4848352941176471,
                            0.3888909090909091,
                            0.49269411764705884,
                            0.3888909090909091,
                            0.49269411764705884,
                            0.39887272727272727,
                            0.4853882352941176,
                            0.39887272727272727
                        ]
                    ]
                },
                {
                    "page": 1,
                    "text": "5",
                    "boundingBoxes": [
                        [
                            0.49943529411764703,
                            0.3888909090909091,
                            0.5067411764705883,
                            0.3888909090909091,
                            0.5067411764705883,
                            0.39887272727272727,
                            0.49943529411764703,
                            0.39887272727272727
                        ]
                    ]
                },
                {
                    "page": 1,
                    "text": "5",
                    "boundingBoxes": [
                        [
                            0.5146117647058823,
                            0.3888909090909091,
                            0.523035294117647,
                            0.3888909090909091,
                            0.523035294117647,
                            0.39887272727272727,
                            0.5146117647058823,
                            0.39887272727272727
                        ]
                    ]
                },
                {
                    "page": 1,
                    "text": "5",
                    "boundingBoxes": [
                        [
                            0.5308941176470588,
                            0.3888909090909091,
                            0.538764705882353,
                            0.3888909090909091,
                            0.5382,
                            0.39887272727272727,
                            0.5308941176470588,
                            0.39887272727272727
                        ]
                    ]
                },
                {
                    "page": 1,
                    "text": "7",
                    "boundingBoxes": [
                        [
                            0.5466235294117647,
                            0.3888909090909091,
                            0.5539294117647059,
                            0.38932727272727274,
                            0.5533764705882354,
                            0.39887272727272727,
                            0.5460705882352942,
                            0.39887272727272727
                        ]
                    ]
                },
                {
                    "page": 1,
                    "text": "8",
                    "boundingBoxes": [
                        [
                            0.5606705882352941,
                            0.38932727272727274,
                            0.5685411764705882,
                            0.38932727272727274,
                            0.5679764705882353,
                            0.39887272727272727,
                            0.5606705882352941,
                            0.39887272727272727
                        ]
                    ]
                }
            ]
        },
        {
            "label": "Dependents/Second Dependent/SSN",
            "key": null,
            "value": [
                {
                    "page": 1,
                    "text": "2114",
                    "boundingBoxes": [
                        [
                            0.4404470588235294,
                            0.40451818181818183,
                            0.49269411764705884,
                            0.40408181818181815,
                            0.49269411764705884,
                            0.4140636363636364,
                            0.43988235294117645,
                            0.4140636363636364
                        ]
                    ]
                },
                {
                    "page": 1,
                    "text": "3",
                    "boundingBoxes": [
                        [
                            0.5011294117647058,
                            0.40408181818181815,
                            0.5084235294117647,
                            0.40408181818181815,
                            0.5084235294117647,
                            0.4140636363636364,
                            0.5011294117647058,
                            0.4140636363636364
                        ]
                    ]
                },
                {
                    "page": 1,
                    "text": "46",
                    "boundingBoxes": [
                        [
                            0.5162941176470588,
                            0.40408181818181815,
                            0.5370823529411765,
                            0.40408181818181815,
                            0.5370823529411765,
                            0.4145,
                            0.5157294117647059,
                            0.4145
                        ]
                    ]
                },
                {
                    "page": 1,
                    "text": "05",
                    "boundingBoxes": [
                        [
                            0.5455058823529412,
                            0.40408181818181815,
                            0.5685411764705882,
                            0.40451818181818183,
                            0.5685411764705882,
                            0.4145,
                            0.5455058823529412,
                            0.4145
                        ]
                    ]
                }
            ]
        },
        {
            "label": "Dependents/First Dependent/Relationship",
            "key": null,
            "value": [
                {
                    "page": 1,
                    "text": "Son",
                    "boundingBoxes": [
                        [
                            0.5786470588235294,
                            0.38932727272727274,
                            0.6022470588235295,
                            0.38975454545454546,
                            0.6016823529411764,
                            0.39930909090909095,
                            0.5786470588235294,
                            0.39887272727272727
                        ]
                    ]
                }
            ]
        },
        {
            "label": "Dependents/Second Dependent/Relationship",
            "key": null,
            "value": [
                {
                    "page": 1,
                    "text": "|Son",
                    "boundingBoxes": [
                        [
                            0.5736,
                            0.40451818181818183,
                            0.6022470588235295,
                            0.4049454545454545,
                            0.6022470588235295,
                            0.41362727272727273,
                            0.5736,
                            0.41319090909090905
                        ]
                    ]
                }
            ]
        },
        {
            "label": "Dependents/First Dependent/ChildTaxCredit",
            "key": null,
            "value": [
                {
                    "page": 1,
                    "text": "selected",
                    "boundingBoxes": [
                        [
                            0.7405176470588236,
                            0.3888909090909091,
                            0.7535999999999999,
                            0.3888909090909091,
                            0.7535999999999999,
                            0.39899090909090906,
                            0.7405176470588236,
                            0.39899090909090906
                        ]
                    ]
                }
            ]
        },
        {
            "label": "Dependents/First Dependent/CreditForOtherDependents",
            "key": null,
            "value": [
                {
                    "page": 1,
                    "text": "unselected",
                    "boundingBoxes": [
                        [
                            0.8699294117647058,
                            0.3888909090909091,
                            0.8830117647058824,
                            0.3888909090909091,
                            0.8830117647058824,
                            0.39899090909090906,
                            0.8699294117647058,
                            0.39899090909090906
                        ]
                    ]
                }
            ]
        },
        {
            "label": "Dependents/Second Dependent/ChildTaxCredit",
            "key": null,
            "value": [
                {
                    "page": 1,
                    "text": "unselected",
                    "boundingBoxes": [
                        [
                            0.7405176470588236,
                            0.40403636363636364,
                            0.7535999999999999,
                            0.40403636363636364,
                            0.7535999999999999,
                            0.4141363636363637,
                            0.7405176470588236,
                            0.4141363636363637
                        ]
                    ]
                }
            ]
        },
        {
            "label": "Dependents/Second Dependent/CreditForOtherDependents",
            "key": null,
            "value": [
                {
                    "page": 1,
                    "text": "selected",
                    "boundingBoxes": [
                        [
                            0.8699294117647058,
                            0.40403636363636364,
                            0.8830117647058824,
                            0.40403636363636364,
                            0.8830117647058824,
                            0.4141363636363637,
                            0.8699294117647058,
                            0.4141363636363637
                        ]
                    ]
                }
            ]
        },
        {
            "label": "Dependents/Third Dependent/ChildTaxCredit",
            "key": null,
            "value": [
                {
                    "page": 1,
                    "text": "unselected",
                    "boundingBoxes": [
                        [
                            0.7405176470588236,
                            0.4191909090909091,
                            0.7535999999999999,
                            0.4191909090909091,
                            0.7535999999999999,
                            0.4292909090909091,
                            0.7405176470588236,
                            0.4292909090909091
                        ]
                    ]
                }
            ]
        },
        {
            "label": "Dependents/Fourth Dependent/ChildTaxCredit",
            "key": null,
            "value": [
                {
                    "page": 1,
                    "text": "unselected",
                    "boundingBoxes": [
                        [
                            0.7405176470588236,
                            0.4343363636363637,
                            0.7535999999999999,
                            0.4343363636363637,
                            0.7535999999999999,
                            0.44443636363636363,
                            0.7405176470588236,
                            0.44443636363636363
                        ]
                    ]
                }
            ]
        },
        {
            "label": "Dependents/Third Dependent/CreditForOtherDependents",
            "key": null,
            "value": [
                {
                    "page": 1,
                    "text": "unselected",
                    "boundingBoxes": [
                        [
                            0.8699294117647058,
                            0.4191909090909091,
                            0.8830117647058824,
                            0.4191909090909091,
                            0.8830117647058824,
                            0.4292909090909091,
                            0.8699294117647058,
                            0.4292909090909091
                        ]
                    ]
                }
            ]
        },
        {
            "label": "Dependents/Fourth Dependent/CreditForOtherDependents",
            "key": null,
            "value": [
                {
                    "page": 1,
                    "text": "unselected",
                    "boundingBoxes": [
                        [
                            0.8699294117647058,
                            0.4343363636363637,
                            0.8830117647058824,
                            0.4343363636363637,
                            0.8830117647058824,
                            0.44443636363636363,
                            0.8699294117647058,
                            0.44443636363636363
                        ]
                    ]
                }
            ]
        },
        {
            "label": "AccountNumber",
            "key": null,
            "value": [
                {
                    "page": 2,
                    "text": "5",
                    "boundingBoxes": [
                        [
                            0.29212941176470586,
                            0.4279545454545454,
                            0.2983176470588235,
                            0.4279545454545454,
                            0.2983176470588235,
                            0.4362,
                            0.29212941176470586,
                            0.4362
                        ]
                    ]
                },
                {
                    "page": 2,
                    "text": "7",
                    "boundingBoxes": [
                        [
                            0.31461176470588237,
                            0.4270818181818182,
                            0.32078823529411765,
                            0.4270818181818182,
                            0.3213529411764706,
                            0.43576363636363635,
                            0.31461176470588237,
                            0.43576363636363635
                        ]
                    ]
                },
                {
                    "page": 2,
                    "text": "2",
                    "boundingBoxes": [
                        [
                            0.33876470588235297,
                            0.4270818181818182,
                            0.34550588235294116,
                            0.42751818181818185,
                            0.3443764705882353,
                            0.4362,
                            0.3382,
                            0.43576363636363635
                        ]
                    ]
                },
                {
                    "page": 2,
                    "text": "8",
                    "boundingBoxes": [
                        [
                            0.36067058823529413,
                            0.4279545454545454,
                            0.3674117647058824,
                            0.4283818181818182,
                            0.3668588235294118,
                            0.43663636363636366,
                            0.36011764705882354,
                            0.4362
                        ]
                    ]
                },
                {
                    "page": 2,
                    "text": "9",
                    "boundingBoxes": [
                        [
                            0.38483529411764705,
                            0.4279545454545454,
                            0.3921294117647059,
                            0.4283818181818182,
                            0.39101176470588234,
                            0.4362,
                            0.38427058823529414,
                            0.43576363636363635
                        ]
                    ]
                },
                {
                    "page": 2,
                    "text": "3",
                    "boundingBoxes": [
                        [
                            0.4078705882352941,
                            0.4279545454545454,
                            0.41461176470588235,
                            0.4279545454545454,
                            0.41461176470588235,
                            0.43663636363636366,
                            0.4078705882352941,
                            0.43663636363636366
                        ]
                    ]
                },
                {
                    "page": 2,
                    "text": "7",
                    "boundingBoxes": [
                        [
                            0.4314588235294118,
                            0.4270818181818182,
                            0.43763529411764707,
                            0.4270818181818182,
                            0.43763529411764707,
                            0.43576363636363635,
                            0.4314588235294118,
                            0.43576363636363635
                        ]
                    ]
                },
                {
                    "page": 2,
                    "text": "5",
                    "boundingBoxes": [
                        [
                            0.4539294117647059,
                            0.4270818181818182,
                            0.46067058823529417,
                            0.4270818181818182,
                            0.46067058823529417,
                            0.43663636363636366,
                            0.4539294117647059,
                            0.43663636363636366
                        ]
                    ]
                },
                {
                    "page": 2,
                    "text": "2",
                    "boundingBoxes": [
                        [
                            0.47640000000000005,
                            0.42751818181818185,
                            0.4837058823529412,
                            0.42751818181818185,
                            0.4842705882352941,
                            0.4362,
                            0.4769647058823529,
                            0.43663636363636366
                        ]
                    ]
                },
                {
                    "page": 2,
                    "text": "0",
                    "boundingBoxes": [
                        [
                            0.4983176470588235,
                            0.42751818181818185,
                            0.5050588235294118,
                            0.42751818181818185,
                            0.5056235294117647,
                            0.4362,
                            0.4988705882352941,
                            0.4362
                        ]
                    ]
                },
                {
                    "page": 2,
                    "text": "8",
                    "boundingBoxes": [
                        [
                            0.5224705882352941,
                            0.42664545454545455,
                            0.5297764705882353,
                            0.4262181818181818,
                            0.5308941176470588,
                            0.4375,
                            0.5236,
                            0.4370636363636363
                        ]
                    ]
                },
                {
                    "page": 2,
                    "text": "2",
                    "boundingBoxes": [
                        [
                            0.5477529411764706,
                            0.4279545454545454,
                            0.5544941176470588,
                            0.42751818181818185,
                            0.5550588235294117,
                            0.4362,
                            0.5483176470588236,
                            0.43663636363636366
                        ]
                    ]
                },
                {
                    "page": 2,
                    "text": "0",
                    "boundingBoxes": [
                        [
                            0.5707882352941177,
                            0.4270818181818182,
                            0.5764,
                            0.42664545454545455,
                            0.5780941176470589,
                            0.43576363636363635,
                            0.5713529411764705,
                            0.4362
                        ]
                    ]
                },
                {
                    "page": 2,
                    "text": "19",
                    "boundingBoxes": [
                        [
                            0.5842705882352942,
                            0.42664545454545455,
                            0.6005647058823529,
                            0.4270818181818182,
                            0.6,
                            0.43663636363636366,
                            0.5837058823529412,
                            0.4362
                        ]
                    ]
                },
                {
                    "page": 2,
                    "text": "4",
                    "boundingBoxes": [
                        [
                            0.6398823529411765,
                            0.4262181818181818,
                            0.6483176470588236,
                            0.4262181818181818,
                            0.6477529411764705,
                            0.4362,
                            0.6398823529411765,
                            0.4362
                        ]
                    ]
                },
                {
                    "page": 2,
                    "text": "|5",
                    "boundingBoxes": [
                        [
                            0.6544941176470589,
                            0.4262181818181818,
                            0.6702235294117648,
                            0.42664545454545455,
                            0.6702235294117648,
                            0.43663636363636366,
                            0.6539294117647059,
                            0.4362
                        ]
                    ]
                }
            ]
        },
        {
            "label": "Dependents/Third Dependent/Name",
            "key": null,
            "labelType": "region",
            "value": [
                {
                    "page": 1,
                    "text": "",
                    "boundingBoxes": [
                        [
                            0.1550190803998595,
                            0.417608286252354,
                            0.4328522794402014,
                            0.417608286252354,
                            0.4328522794402014,
                            0.42971482378262044,
                            0.1550190803998595,
                            0.42971482378262044
                        ]
                    ]
                }
            ]
        },
        {
            "label": "Dependents/Fourth Dependent/Name",
            "key": null,
            "labelType": "region",
            "value": [
                {
                    "page": 1,
                    "text": "",
                    "boundingBoxes": [
                        [
                            0.15462739830329206,
                            0.43344767285445235,
                            0.43193832267304,
                            0.43344767285445235,
                            0.43193832267304,
                            0.4451506591337099,
                            0.15462739830329206,
                            0.4451506591337099
                        ]
                    ]
                }
            ]
        },
        {
            "label": "Dependents/Third Dependent/SSN",
            "key": null,
            "labelType": "region",
            "value": [
                {
                    "page": 1,
                    "text": "",
                    "boundingBoxes": [
                        [
                            0.4383793065248699,
                            0.41797820823244547,
                            0.5748587783122607,
                            0.41797820823244547,
                            0.5748587783122607,
                            0.42968119451170295,
                            0.4383793065248699,
                            0.42968119451170295
                        ]
                    ]
                }
            ]
        },
        {
            "label": "Dependents/Fourth Dependent/SSN",
            "key": null,
            "labelType": "region",
            "value": [
                {
                    "page": 1,
                    "text": "",
                    "boundingBoxes": [
                        [
                            0.43785706372944666,
                            0.43371670702179177,
                            0.5745106058235884,
                            0.43371670702179177,
                            0.5745106058235884,
                            0.44528518442765075,
                            0.43785706372944666,
                            0.44528518442765075
                        ]
                    ]
                }
            ]
        },
        {
            "label": "Dependents/Third Dependent/Relationship",
            "key": null,
            "labelType": "region",
            "value": [
                {
                    "page": 1,
                    "text": "",
                    "boundingBoxes": [
                        [
                            0.5792107909823977,
                            0.41865080186106485,
                            0.6793073373969116,
                            0.41865080186106485,
                            0.6793073373969116,
                            0.4303537881403223,
                            0.5792107909823977,
                            0.4303537881403223
                        ]
                    ]
                }
            ]
        },
        {
            "label": "Dependents/Fourth Dependent/Relationship",
            "key": null,
            "labelType": "region",
            "value": [
                {
                    "page": 1,
                    "text": "",
                    "boundingBoxes": [
                        [
                            0.5802552765732442,
                            0.43371670702179177,
                            0.6803518229877581,
                            0.43371670702179177,
                            0.6803518229877581,
                            0.44501614205004036,
                            0.5802552765732442,
                            0.44501614205004036
                        ]
                    ]
                }
            ]
        },
        {
            "label": "Email",
            "key": null,
            "labelType": "region",
            "value": [
                {
                    "page": 2,
                    "text": "",
                    "boundingBoxes": [
                        [
                            0.5280745066388138,
                            0.6758810951083072,
                            0.9382092032279898,
                            0.6758810951083072,
                            0.9382092032279898,
                            0.6871805301365559,
                            0.5280745066388138,
                            0.6871805301365559
                        ]
                    ]
                }
            ]
        },
        {
            "label": "PreparerPhoneNumber",
            "key": null,
            "labelType": "region",
            "value": [
                {
                    "page": 2,
                    "text": "",
                    "boundingBoxes": [
                        [
                            0.8187026222918549,
                            0.7203390158919323,
                            0.9391666696030463,
                            0.7203390158919323,
                            0.9391666696030463,
                            0.7332526559242164,
                            0.8187026222918549,
                            0.7332526559242164
                        ]
                    ]
                }
            ]
        },
        {
            "label": "PhoneNumber",
            "key": null,
            "labelType": "region",
            "value": [
                {
                    "page": 2,
                    "text": "",
                    "boundingBoxes": [
                        [
                            0.22303921568627452,
                            0.6748737373737373,
                            0.44362745098039214,
                            0.6748737373737373,
                            0.4442327884819625,
                            0.6875336292709173,
                            0.2222222222222222,
                            0.6881313131313131
                        ]
                    ]
                }
            ]
        },
        {
            "label": "SocialSecurityBenefits",
            "key": null,
            "labelType": "region",
            "value": [
                {
                    "page": 1,
                    "text": "",
                    "boundingBoxes": [
                        [
                            0.4131810916456979,
                            0.5236077563942905,
                            0.5270300210479674,
                            0.5236077563942905,
                            0.5270300210479674,
                            0.5354452515469463,
                            0.4131810916456979,
                            0.5354452515469463
                        ]
                    ]
                }
            ]
        },
        {
            "label": "SocialSecurityBenefitsTaxable",
            "key": null,
            "labelType": "region",
            "value": [
                {
                    "page": 1,
                    "text": "",
                    "boundingBoxes": [
                        [
                            0.825404759416567,
                            0.52333871401668,
                            0.9392537525691776,
                            0.52333871401668,
                            0.9392537525691776,
                            0.5365213964265745,
                            0.825404759416567,
                            0.5365213964265745
                        ]
                    ]
                }
            ]
        }
    ],
    "labelingState": 2
}