{
    "$schema": "https://schema.cognitiveservices.azure.com/formrecognizer/2021-03-01/labels.json",
    "document": "scanned_handwritten.pdf",
    "labels": [
        {
            "label": "FilingStatusSingle",
            "key": null,
            "value": [
                {
                    "page": 1,
                    "text": "selected",
                    "boundingBoxes": [
                        [
                            0.16412241267399091,
                            0.08995398984286751,
                            0.17965237877731566,
                            0.08995398984286751,
                            0.17965237877731566,
                            0.10178254920148042,
                            0.16412241267399091,
                            0.10178254920148042
                        ]
                    ]
                }
            ]
        },
        {
            "label": "FilingStatusMarriedJoint",
            "key": null,
            "value": [
                {
                    "page": 1,
                    "text": "unselected",
                    "boundingBoxes": [
                        [
                            0.2322763660840926,
                            0.09014684678893185,
                            0.24858763853162485,
                            0.09014684678893185,
                            0.24858763853162485,
                            0.10248969133704967,
                            0.2322763660840926,
                            0.10248969133704967
                        ]
                    ]
                }
            ]
        },
        {
            "label": "FilingStatusMFS",
            "key": null,
            "value": [
                {
                    "page": 1,
                    "text": "unselected",
                    "boundingBoxes": [
                        [
                            0.38137365675409285,
                            0.09050500968876563,
                            0.39811765271534005,
                            0.09050500968876563,
                            0.39811765271534005,
                            0.10253560965754117,
                            0.38137365675409285,
                            0.10253560965754117
                        ]
                    ]
                }
            ]
        },
        {
            "label": "FilingStatusHOH",
            "key": null,
            "value": [
                {
                    "page": 1,
                    "text": "unselected",
                    "boundingBoxes": [
                        [
                            0.5884198379690843,
                            0.09061521365794525,
                            0.6045147486597592,
                            0.09061521365794525,
                            0.6045147486597592,
                            0.10280193591639192,
                            0.5884198379690843,
                            0.10280193591639192
                        ]
                    ]
                }
            ]
        },
        {
            "label": "FilingStatsQW",
            "key": null,
            "value": [
                {
                    "page": 1,
                    "text": "unselected",
                    "boundingBoxes": [
                        [
                            0.7607038969156429,
                            0.09123051915253147,
                            0.7774478928768902,
                            0.09123051915253147,
                            0.7774478928768902,
                            0.10380295530310685,
                            0.7607038969156429,
                            0.10380295530310685
                        ]
                    ]
                }
            ]
        },
        {
            "label": "FirstName",
            "key": null,
            "value": [
                {
                    "page": 1,
                    "text": "Kevin",
                    "boundingBoxes": [
                        [
                            0.2562564608024617,
                            0.1423651608518767,
                            0.3113686083130995,
                            0.14018863246057914,
                            0.31193355290044955,
                            0.1566824931811294,
                            0.2568214053898118,
                            0.1584182056957085
                        ]
                    ]
                }
            ]
        },
        {
            "label": "LastName",
            "key": null,
            "value": [
                {
                    "page": 1,
                    "text": "Torres",
                    "boundingBoxes": [
                        [
                            0.4733033632233094,
                            0.1406202646731993,
                            0.5386446137942641,
                            0.1423651608518767,
                            0.5375027045219608,
                            0.15929065378504717,
                            0.47272639853835613,
                            0.1571141253937496
                        ]
                    ]
                }
            ]
        },
        {
            "label": "SSN",
            "key": null,
            "value": [
                {
                    "page": 1,
                    "text": "11",
                    "boundingBoxes": [
                        [
                            0.7670505084501287,
                            0.14886719503347445,
                            0.7806812991321489,
                            0.14886719503347445,
                            0.7806812991321489,
                            0.1627620788142053,
                            0.7670505084501287,
                            0.1623304466015851
                        ]
                    ]
                },
                {
                    "page": 1,
                    "text": "2",
                    "boundingBoxes": [
                        [
                            0.7846599514388056,
                            0.14886719503347445,
                            0.7948890544991226,
                            0.14886719503347445,
                            0.7948890544991226,
                            0.1627620788142053,
                            0.7840950068514556,
                            0.1627620788142053
                        ]
                    ]
                },
                {
                    "page": 1,
                    "text": "45",
                    "boundingBoxes": [
                        [
                            0.8147823160324063,
                            0.14886719503347445,
                            0.83693535591509,
                            0.14886719503347445,
                            0.83693535591509,
                            0.16319371102682548,
                            0.8147823160324063,
                            0.16319371102682548
                        ]
                    ]
                },
                {
                    "page": 1,
                    "text": "57",
                    "boundingBoxes": [
                        [
                            0.8505781666947135,
                            0.14886719503347445,
                            0.8636440127893839,
                            0.14886719503347445,
                            0.8636440127893839,
                            0.16319371102682548,
                            0.8505781666947135,
                            0.16319371102682548
                        ]
                    ]
                },
                {
                    "page": 1,
                    "text": "896",
                    "boundingBoxes": [
                        [
                            0.8670457004110874,
                            0.14843556282085427,
                            0.9068202033800514,
                            0.14800393060823408,
                            0.9062552587927014,
                            0.16319371102682548,
                            0.8670457004110874,
                            0.16319371102682548
                        ]
                    ]
                }
            ]
        },
        {
            "label": "Address",
            "key": null,
            "value": [
                {
                    "page": 1,
                    "text": "401",
                    "boundingBoxes": [
                        [
                            0.16591340721686662,
                            0.2035559147388625,
                            0.19488184244056062,
                            0.2035559147388625,
                            0.19545880712551386,
                            0.21918651103417242,
                            0.16591340721686662,
                            0.2196181432467926
                        ]
                    ]
                },
                {
                    "page": 1,
                    "text": "Centre",
                    "boundingBoxes": [
                        [
                            0.23863499771618146,
                            0.2044283628282012,
                            0.29318220063946915,
                            0.20485999504082142,
                            0.29261725605211913,
                            0.21874569515745393,
                            0.23863499771618146,
                            0.21874569515745393
                        ]
                    ]
                },
                {
                    "page": 1,
                    "text": "Ave",
                    "boundingBoxes": [
                        [
                            0.3056831021467894,
                            0.20485999504082142,
                            0.3431858066687502,
                            0.20529162725344158,
                            0.34204389739644686,
                            0.22004977545941282,
                            0.3051181575594394,
                            0.21918651103417242
                        ]
                    ]
                }
            ]
        },
        {
            "label": "AptNo",
            "key": null,
            "value": [
                {
                    "page": 1,
                    "text": "/1",
                    "boundingBoxes": [
                        [
                            0.6892083563718537,
                            0.20616407534278025,
                            0.7079597086328341,
                            0.20616407534278025,
                            0.7073947640454841,
                            0.22048140767203298,
                            0.6886434117845037,
                            0.22004977545941282
                        ]
                    ]
                },
                {
                    "page": 1,
                    "text": "2",
                    "boundingBoxes": [
                        [
                            0.7113734163521408,
                            0.20616407534278025,
                            0.7227324085871577,
                            0.20659570755540047,
                            0.7221674639998077,
                            0.22092222354875152,
                            0.7107964516671875,
                            0.22048140767203298
                        ]
                    ]
                }
            ]
        },
        {
            "label": "City",
            "key": null,
            "value": [
                {
                    "page": 1,
                    "text": "Houston",
                    "boundingBoxes": [
                        [
                            0.22442724234920788,
                            0.23654363617996307,
                            0.2943241099117725,
                            0.23827934869454215,
                            0.29488905449912256,
                            0.25173341659855447,
                            0.22386229776185784,
                            0.2508701521733141
                        ]
                    ]
                }
            ]
        },
        {
            "label": "State",
            "key": null,
            "value": [
                {
                    "page": 1,
                    "text": "TX",
                    "boundingBoxes": [
                        [
                            0.5852345121042383,
                            0.23307221115080495,
                            0.6108012597062288,
                            0.23220894672556458,
                            0.6119311488809289,
                            0.24869362378201657,
                            0.5857994566915883,
                            0.24956607187135524
                        ]
                    ]
                }
            ]
        },
        {
            "label": "ZIP",
            "key": null,
            "value": [
                {
                    "page": 1,
                    "text": "77002",
                    "boundingBoxes": [
                        [
                            0.6681852056638701,
                            0.2369752683925833,
                            0.7329615116474746,
                            0.2369752683925833,
                            0.7329615116474746,
                            0.2539099449898521,
                            0.6687501502512201,
                            0.25434157720247225
                        ]
                    ]
                }
            ]
        },
        {
            "label": "PresidentialElectionCampaignYou",
            "key": null,
            "value": [
                {
                    "page": 1,
                    "text": "selected",
                    "boundingBoxes": [
                        [
                            0.8150106978868669,
                            0.2689527867828706,
                            0.8300718801836672,
                            0.2689527867828706,
                            0.8300718801836672,
                            0.28083644812607333,
                            0.8150106978868669,
                            0.28083644812607333
                        ]
                    ]
                }
            ]
        },
        {
            "label": "PresidentialElectionCampaignSpouse",
            "key": null,
            "value": [
                {
                    "page": 1,
                    "text": "unselected",
                    "boundingBoxes": [
                        [
                            0.8729716085294612,
                            0.2693660516672942,
                            0.8888381373656754,
                            0.2693660516672942,
                            0.8888381373656754,
                            0.28123134568230035,
                            0.8729716085294612,
                            0.28123134568230035
                        ]
                    ]
                }
            ]
        },
        {
            "label": "FinancialInterestYes",
            "key": null,
            "value": [
                {
                    "page": 1,
                    "text": "unselected",
                    "boundingBoxes": [
                        [
                            0.8147222155443902,
                            0.2898915409269991,
                            0.8304445032093661,
                            0.2898915409269991,
                            0.8304445032093661,
                            0.30179356959839837,
                            0.8147222155443902,
                            0.30179356959839837
                        ]
                    ]
                }
            ]
        },
        {
            "label": "FinancialInterestNo",
            "key": null,
            "value": [
                {
                    "page": 1,
                    "text": "selected",
                    "boundingBoxes": [
                        [
                            0.8726831261869846,
                            0.2892854190965111,
                            0.8886337957064212,
                            0.2892854190965111,
                            0.8886337957064212,
                            0.30186703891118477,
                            0.8726831261869846,
                            0.30186703891118477
                        ]
                    ]
                }
            ]
        },
        {
            "label": "StandardDeductionSelf",
            "key": null,
            "value": [
                {
                    "page": 1,
                    "text": "unselected",
                    "boundingBoxes": [
                        [
                            0.2995167920763517,
                            0.3061558100450918,
                            0.3150587782772796,
                            0.3061558100450918,
                            0.3150587782772796,
                            0.3180670223805894,
                            0.2995167920763517,
                            0.3180670223805894
                        ]
                    ]
                }
            ]
        },
        {
            "label": "StandardDeductionSpouse",
            "key": null,
            "value": [
                {
                    "page": 1,
                    "text": "unselected",
                    "boundingBoxes": [
                        [
                            0.46110296415606894,
                            0.3075517269880337,
                            0.4769334326994735,
                            0.3075517269880337,
                            0.4769334326994735,
                            0.3194629393235313,
                            0.46110296415606894,
                            0.3194629393235313
                        ]
                    ]
                }
            ]
        },
        {
            "label": "StandardDeductionOther",
            "key": null,
            "value": [
                {
                    "page": 1,
                    "text": "unselected",
                    "boundingBoxes": [
                        [
                            0.15969901675601605,
                            0.3204915097025411,
                            0.17614251027718344,
                            0.3204915097025411,
                            0.17614251027718344,
                            0.3329904765403301,
                            0.15969901675601605,
                            0.3329904765403301
                        ]
                    ]
                }
            ]
        },
        {
            "label": "BornBefore",
            "key": null,
            "value": [
                {
                    "page": 1,
                    "text": "unselected",
                    "boundingBoxes": [
                        [
                            0.19466548068370315,
                            0.34246801788977765,
                            0.2108565521552035,
                            0.34246801788977765,
                            0.2108565521552035,
                            0.35459045449953625,
                            0.19466548068370315,
                            0.35459045449953625
                        ]
                    ]
                }
            ]
        },
        {
            "label": "Blind",
            "key": null,
            "value": [
                {
                    "page": 1,
                    "text": "unselected",
                    "boundingBoxes": [
                        [
                            0.4257999374954925,
                            0.34408434277107885,
                            0.44197898886938963,
                            0.34408434277107885,
                            0.44197898886938963,
                            0.35595882045018323,
                            0.4257999374954925,
                            0.35595882045018323
                        ]
                    ]
                }
            ]
        },
        {
            "label": "SpouseBornBefore",
            "key": null,
            "value": [
                {
                    "page": 1,
                    "text": "unselected",
                    "boundingBoxes": [
                        [
                            0.5866528836214151,
                            0.34486495421943447,
                            0.6020386085535016,
                            0.34486495421943447,
                            0.6020386085535016,
                            0.3566292279293593,
                            0.5866528836214151,
                            0.3566292279293593
                        ]
                    ]
                }
            ]
        },
        {
            "label": "SpouseBlind",
            "key": null,
            "value": [
                {
                    "page": 1,
                    "text": "unselected",
                    "boundingBoxes": [
                        [
                            0.8174026973099021,
                            0.3454618923858241,
                            0.8329206433156238,
                            0.3454618923858241,
                            0.8329206433156238,
                            0.35738228838542,
                            0.8174026973099021,
                            0.35738228838542
                        ]
                    ]
                }
            ]
        },
        {
            "label": "WagesSalariesTips",
            "key": null,
            "value": [
                {
                    "page": 1,
                    "text": "91:",
                    "boundingBoxes": [
                        [
                            0.8323917590210832,
                            0.4513862740956387,
                            0.8585234512104238,
                            0.45225872218497737,
                            0.8573935620357237,
                            0.46397707757441065,
                            0.8312498497487799,
                            0.463104629485072
                        ]
                    ]
                },
                {
                    "page": 1,
                    "text": "160.",
                    "boundingBoxes": [
                        [
                            0.8613722143423805,
                            0.45225872218497737,
                            0.9005697526263914,
                            0.4526903543975975,
                            0.9000048080390413,
                            0.46528115787636953,
                            0.8602303050700771,
                            0.46397707757441065
                        ]
                    ]
                }
            ]
        },
        {
            "label": "QualifiedDividends",
            "key": null,
            "value": [
                {
                    "page": 1,
                    "text": "1,500.",
                    "boundingBoxes": [
                        [
                            0.43295189556939206,
                            0.47959849020562223,
                            0.4920426953866865,
                            0.47916685799300207,
                            0.4920426953866865,
                            0.49218929368439424,
                            0.432386950982042,
                            0.4926209258970144
                        ]
                    ]
                }
            ]
        },
        {
            "label": "SocialSecurityBenefits",
            "key": null,
            "value": [
                {
                    "page": 1,
                    "text": "600",
                    "boundingBoxes": [
                        [
                            0.4363656032886987,
                            0.5251770151254949,
                            0.4642041493376926,
                            0.5251770151254949,
                            0.4636392047503426,
                            0.5364545546382096,
                            0.43580065870134865,
                            0.5360229224255895
                        ]
                    ]
                }
            ]
        },
        {
            "label": "OtherIncomeSchedule1",
            "key": null,
            "value": [
                {
                    "page": 1,
                    "text": "540.",
                    "boundingBoxes": [
                        [
                            0.8522730004567637,
                            0.5564198403879179,
                            0.8960261557323845,
                            0.5564198403879179,
                            0.8965911003197347,
                            0.5677065635647311,
                            0.8522730004567637,
                            0.5681381957773513
                        ]
                    ]
                }
            ]
        },
        {
            "label": "TotalIncome",
            "key": null,
            "value": [
                {
                    "page": 1,
                    "text": "91,",
                    "boundingBoxes": [
                        [
                            0.8301199605740799,
                            0.570746356381269,
                            0.8522730004567637,
                            0.5703147241686488,
                            0.8522730004567637,
                            0.5859361367998605,
                            0.8301199605740799,
                            0.5859361367998605
                        ]
                    ]
                },
                {
                    "page": 1,
                    "text": "700.",
                    "boundingBoxes": [
                        [
                            0.8562516527634204,
                            0.5703147241686488,
                            0.8931894126980311,
                            0.5703147241686488,
                            0.8931894126980311,
                            0.5859361367998605,
                            0.8562516527634204,
                            0.5859361367998605
                        ]
                    ]
                }
            ]
        },
        {
            "label": "AdjustmentIncomeSchedule1",
            "key": null,
            "value": [
                {
                    "page": 1,
                    "text": "12.000.",
                    "boundingBoxes": [
                        [
                            0.6778493641368368,
                            0.6002626527932114,
                            0.7528427530831551,
                            0.5993902047038727,
                            0.7539846623554584,
                            0.611108560093306,
                            0.6772723994518836,
                            0.6119810081826448
                        ]
                    ]
                }
            ]
        },
        {
            "label": "TotalIncomeAdjustments",
            "key": null,
            "value": [
                {
                    "page": 1,
                    "text": "12,",
                    "boundingBoxes": [
                        [
                            0.83693535591509,
                            0.6271707886012362,
                            0.8613722143423805,
                            0.6276024208138563,
                            0.8607952496574272,
                            0.6436646493217865,
                            0.83693535591509,
                            0.6432330171091662
                        ]
                    ]
                },
                {
                    "page": 1,
                    "text": "179",
                    "boundingBoxes": [
                        [
                            0.8653508666490373,
                            0.6276024208138563,
                            0.8971680650046878,
                            0.6276024208138563,
                            0.8965911003197347,
                            0.6440962815344066,
                            0.8653508666490373,
                            0.6440962815344066
                        ]
                    ]
                }
            ]
        },
        {
            "label": "AdjustedGrossIncome",
            "key": null,
            "value": [
                {
                    "page": 1,
                    "text": "29.521.",
                    "boundingBoxes": [
                        [
                            0.8335216481957833,
                            0.6471360743509446,
                            0.904548404933048,
                            0.6471360743509446,
                            0.903983460345698,
                            0.662325854769536,
                            0.8335216481957833,
                            0.6618942225569158
                        ]
                    ]
                }
            ]
        },
        {
            "label": "BusinessIncomeDeduction",
            "key": null,
            "value": [
                {
                    "page": 1,
                    "text": "4,500.",
                    "boundingBoxes": [
                        [
                            0.8460225497031036,
                            0.6775156351881274,
                            0.9062552587927014,
                            0.6779472674007476,
                            0.9062552587927014,
                            0.6901064386668994,
                            0.8460225497031036,
                            0.6905380708795195
                        ]
                    ]
                }
            ]
        },
        {
            "label": "Line12+13",
            "key": null,
            "value": [
                {
                    "page": 1,
                    "text": "4500.",
                    "boundingBoxes": [
                        [
                            0.8460225497031036,
                            0.6944411281212979,
                            0.9079621126523547,
                            0.6948819439980163,
                            0.9085270572397047,
                            0.7061594835107312,
                            0.8460225497031036,
                            0.7066002993874496
                        ]
                    ]
                }
            ]
        },
        {
            "label": "TaxableIncome",
            "key": null,
            "value": [
                {
                    "page": 1,
                    "text": "75,",
                    "boundingBoxes": [
                        [
                            0.8306849051614299,
                            0.7087676441146489,
                            0.8625021035170807,
                            0.7091992763272691,
                            0.8619371589297306,
                            0.721790079806041,
                            0.8301199605740799,
                            0.7213492639293225
                        ]
                    ]
                },
                {
                    "page": 1,
                    "text": "021",
                    "boundingBoxes": [
                        [
                            0.8659158112363873,
                            0.7091992763272691,
                            0.903418515758348,
                            0.7096309085398893,
                            0.9028415510733947,
                            0.7222217120186613,
                            0.8653508666490373,
                            0.721790079806041
                        ]
                    ]
                }
            ]
        },
        {
            "label": "8814Form",
            "key": null,
            "value": [
                {
                    "page": 2,
                    "text": "selected",
                    "boundingBoxes": [
                        [
                            0.4682058728234913,
                            0.05099011726528505,
                            0.48424993699974805,
                            0.05099011726528505,
                            0.48424993699974805,
                            0.064514344715687,
                            0.4682058728234913,
                            0.064514344715687
                        ]
                    ]
                }
            ]
        },
        {
            "label": "4972Form",
            "key": null,
            "value": [
                {
                    "page": 2,
                    "text": "selected",
                    "boundingBoxes": [
                        [
                            0.5486061944247778,
                            0.05129434324065196,
                            0.5648542594170377,
                            0.05129434324065196,
                            0.5648542594170377,
                            0.0639335496718047,
                            0.5486061944247778,
                            0.0639335496718047
                        ]
                    ]
                }
            ]
        },
        {
            "label": "Tax",
            "key": null,
            "value": [
                {
                    "page": 2,
                    "text": "4.11z",
                    "boundingBoxes": [
                        [
                            0.8327673310693243,
                            0.05165388302972195,
                            0.8813555254221017,
                            0.050778080979423254,
                            0.8819195276781108,
                            0.06337119256582344,
                            0.8333313333253334,
                            0.06423777564717162
                        ]
                    ]
                }
            ]
        },
        {
            "label": "Schedule2Line3",
            "key": null,
            "value": [
                {
                    "page": 2,
                    "text": "200",
                    "boundingBoxes": [
                        [
                            0.8406753627014509,
                            0.06727081643189026,
                            0.8706274825099302,
                            0.06770410797256435,
                            0.8706274825099302,
                            0.07725495980529537,
                            0.8406753627014509,
                            0.07682166826462128
                        ]
                    ]
                }
            ]
        },
        {
            "label": "line16+17",
            "key": null,
            "value": [
                {
                    "page": 2,
                    "text": "4312",
                    "boundingBoxes": [
                        [
                            0.8310753243012973,
                            0.08246367726233497,
                            0.8683594734378938,
                            0.08246367726233497,
                            0.8683594734378938,
                            0.09418098679843646,
                            0.8310753243012973,
                            0.09374769525776236
                        ]
                    ]
                }
            ]
        },
        {
            "label": "Line18-21",
            "key": null,
            "value": [
                {
                    "page": 2,
                    "text": "4.3/2",
                    "boundingBoxes": [
                        [
                            0.827127308509234,
                            0.13975956928977062,
                            0.8757155028620115,
                            0.13932627774909653,
                            0.8757155028620115,
                            0.15450991961059074,
                            0.8276913107652432,
                            0.15495243012021534
                        ]
                    ]
                }
            ]
        },
        {
            "label": "OtherTaxes",
            "key": null,
            "value": [
                {
                    "page": 2,
                    "text": "120",
                    "boundingBoxes": [
                        [
                            0.8401113604454418,
                            0.1562523047422376,
                            0.8672314689258758,
                            0.1562523047422376,
                            0.8672314689258758,
                            0.16666973965631682,
                            0.8401113604454418,
                            0.16666973965631682
                        ]
                    ]
                }
            ]
        },
        {
            "label": "TotalTax",
            "key": null,
            "value": [
                {
                    "page": 2,
                    "text": "4432",
                    "boundingBoxes": [
                        [
                            0.8276913107652432,
                            0.16883619735968727,
                            0.8745754983019932,
                            0.16883619735968727,
                            0.8745754983019932,
                            0.18359576664945793,
                            0.8276913107652432,
                            0.18359576664945793
                        ]
                    ]
                }
            ]
        },
        {
            "label": "IncomeTaxWithheldW2",
            "key": null,
            "value": [
                {
                    "page": 2,
                    "text": "77,951",
                    "boundingBoxes": [
                        [
                            0.6768387073548294,
                            0.19661295080758165,
                            0.7231708926835707,
                            0.19791282542960392,
                            0.7226068904275618,
                            0.21310568626004864,
                            0.6757107028428113,
                            0.21180581163802636
                        ]
                    ]
                }
            ]
        },
        {
            "label": "IncomeTaxWithheld1099",
            "key": null,
            "value": [
                {
                    "page": 2,
                    "text": "102",
                    "boundingBoxes": [
                        [
                            0.685874743498974,
                            0.21571465447304372,
                            0.7101748406993629,
                            0.2165812375543919,
                            0.7096108384433538,
                            0.22873183863116747,
                            0.685310741242965,
                            0.2274319640091452
                        ]
                    ]
                }
            ]
        },
        {
            "label": "TotalWithheld",
            "key": null,
            "value": [
                {
                    "page": 2,
                    "text": "8,053",
                    "boundingBoxes": [
                        [
                            0.8231672926691708,
                            0.23871598200457259,
                            0.8796635186540747,
                            0.23871598200457259,
                            0.8802275209100837,
                            0.2547754259163655,
                            0.8231672926691708,
                            0.2547754259163655
                        ]
                    ]
                }
            ]
        },
        {
            "label": "2020EstimatedTaxPayments",
            "key": null,
            "value": [
                {
                    "page": 2,
                    "text": "1.000",
                    "boundingBoxes": [
                        [
                            0.8282553130212521,
                            0.26085072645475327,
                            0.8807915231660928,
                            0.2599841433734051,
                            0.8813555254221017,
                            0.27126816136883247,
                            0.8288193152772612,
                            0.2725680359908548
                        ]
                    ]
                }
            ]
        },
        {
            "label": "AmericanOpportunityCredit",
            "key": null,
            "value": [
                {
                    "page": 2,
                    "text": "12100",
                    "boundingBoxes": [
                        [
                            0.6802227208908835,
                            0.3042536322737665,
                            0.7231708926835707,
                            0.3033870491924183,
                            0.7237348949395799,
                            0.31771332694151483,
                            0.6807987231948929,
                            0.3194464931042112
                        ]
                    ]
                }
            ]
        },
        {
            "label": "RecoveryRebateCredit",
            "key": null,
            "value": [
                {
                    "page": 2,
                    "text": "1.100",
                    "boundingBoxes": [
                        [
                            0.6836187344749379,
                            0.3198797846448853,
                            0.7231708926835707,
                            0.3190132015635371,
                            0.7242988971955888,
                            0.3342060623939818,
                            0.6836187344749379,
                            0.33507264547533
                        ]
                    ]
                }
            ]
        },
        {
            "label": "TotalOtherPaymentRefundableCredit",
            "key": null,
            "value": [
                {
                    "page": 2,
                    "text": "8,200",
                    "boundingBoxes": [
                        [
                            0.8231672926691708,
                            0.3454900803894092,
                            0.8768435073740296,
                            0.3454900803894092,
                            0.8768435073740296,
                            0.3602404307102293,
                            0.8231672926691708,
                            0.3602404307102293
                        ]
                    ]
                }
            ]
        },
        {
            "label": "TotalPayments",
            "key": null,
            "value": [
                {
                    "page": 2,
                    "text": "17,253",
                    "boundingBoxes": [
                        [
                            0.8248592994371978,
                            0.36458256508592074,
                            0.883623534494138,
                            0.36501585662659486,
                            0.883623534494138,
                            0.37716645770337043,
                            0.8248592994371978,
                            0.37716645770337043
                        ]
                    ]
                }
            ]
        },
        {
            "label": "AmountOverpaid",
            "key": null,
            "value": [
                {
                    "page": 2,
                    "text": "12.821",
                    "boundingBoxes": [
                        [
                            0.8276913107652432,
                            0.3789088428350173,
                            0.8881355525422102,
                            0.37934213437569136,
                            0.8881355525422102,
                            0.39235931853381517,
                            0.8276913107652432,
                            0.39149273545246693
                        ]
                    ]
                }
            ]
        },
        {
            "label": "AmountRefund",
            "key": null,
            "value": [
                {
                    "page": 2,
                    "text": "12,921",
                    "boundingBoxes": [
                        [
                            0.8282553130212521,
                            0.3954015782874843,
                            0.8898395593582376,
                            0.394101703665462,
                            0.8904035616142465,
                            0.40971863706763034,
                            0.8282553130212521,
                            0.41059443911792903
                        ]
                    ]
                }
            ]
        },
        {
            "label": "Form8888",
            "key": null,
            "value": [
                {
                    "page": 2,
                    "text": "selected",
                    "boundingBoxes": [
                        [
                            0.7426829707318829,
                            0.3947839073678,
                            0.7583550334201338,
                            0.3947839073678,
                            0.7583550334201338,
                            0.40719263957518986,
                            0.7426829707318829,
                            0.40719263957518986
                        ]
                    ]
                }
            ]
        },
        {
            "label": "Savings",
            "key": null,
            "value": [
                {
                    "page": 2,
                    "text": "selected",
                    "boundingBoxes": [
                        [
                            0.6939627758511034,
                            0.4105667822110775,
                            0.7097908391633567,
                            0.4105667822110775,
                            0.7097908391633567,
                            0.42267128844310053,
                            0.6939627758511034,
                            0.42267128844310053
                        ]
                    ]
                }
            ]
        },
        {
            "label": "Checkings",
            "key": null,
            "value": [
                {
                    "page": 2,
                    "text": "unselected",
                    "boundingBoxes": [
                        [
                            0.6019824079296318,
                            0.41066819086953316,
                            0.6177504710018841,
                            0.41066819086953316,
                            0.6177504710018841,
                            0.4225514418467438,
                            0.6019824079296318,
                            0.4225514418467438
                        ]
                    ]
                }
            ]
        },
        {
            "label": "RoutingNumber",
            "key": null,
            "value": [
                {
                    "page": 2,
                    "text": "/",
                    "boundingBoxes": [
                        [
                            0.2802251209004836,
                            0.4101611475772549,
                            0.2875691502766011,
                            0.4101611475772549,
                            0.2875691502766011,
                            0.42317833173537867,
                            0.2802251209004836,
                            0.42317833173537867
                        ]
                    ]
                },
                {
                    "page": 2,
                    "text": "12/1",
                    "boundingBoxes": [
                        [
                            0.2960411841647367,
                            0.40971863706763034,
                            0.34971739886959546,
                            0.4088520539862821,
                            0.34971739886959546,
                            0.42317833173537867,
                            0.2960411841647367,
                            0.42317833173537867
                        ]
                    ]
                },
                {
                    "page": 2,
                    "text": "213",
                    "boundingBoxes": [
                        [
                            0.3548054192216769,
                            0.4088520539862821,
                            0.38530954123816497,
                            0.40841876244560804,
                            0.38474553898215597,
                            0.42317833173537867,
                            0.3548054192216769,
                            0.42317833173537867
                        ]
                    ]
                },
                {
                    "page": 2,
                    "text": "1516",
                    "boundingBoxes": [
                        [
                            0.3887055548222193,
                            0.40841876244560804,
                            0.4271177084708339,
                            0.407985470904934,
                            0.4265537062148249,
                            0.42317833173537867,
                            0.3881415525662103,
                            0.42317833173537867
                        ]
                    ]
                },
                {
                    "page": 2,
                    "text": "19181",
                    "boundingBoxes": [
                        [
                            0.4350257401029604,
                            0.407985470904934,
                            0.48813795255181025,
                            0.407985470904934,
                            0.48757395029580125,
                            0.42317833173537867,
                            0.4344617378469514,
                            0.42317833173537867
                        ]
                    ]
                }
            ]
        },
        {
            "label": "AccountNumber",
            "key": null,
            "value": [
                {
                    "page": 2,
                    "text": "",
                    "boundingBoxes": [
                        [
                            0.27876995561114365,
                            0.42390921843188134,
                            0.487773802468505,
                            0.42390921843188134,
                            0.487773802468505,
                            0.43904145955696616,
                            0.27876995561114365,
                            0.43904145955696616
                        ]
                    ]
                }
            ],
            "labelType": "region"
        },
        {
            "label": "AppliedToEstimatedTax",
            "key": null,
            "value": [
                {
                    "page": 2,
                    "text": "120000",
                    "boundingBoxes": [
                        [
                            0.6649706598826396,
                            0.4361955158935024,
                            0.7220308881235525,
                            0.43446234973080605,
                            0.7231708926835707,
                            0.4518216682646212,
                            0.6655346621386486,
                            0.45268825134596946
                        ]
                    ]
                }
            ]
        },
        {
            "label": "AmountOwe",
            "key": null,
            "value": [
                {
                    "page": 2,
                    "text": "10.000",
                    "boundingBoxes": [
                        [
                            0.8372913491653967,
                            0.45356405339626815,
                            0.8960435841743367,
                            0.4539973449369422,
                            0.8954795819183278,
                            0.46484807139169554,
                            0.8367273469093877,
                            0.46484807139169554
                        ]
                    ]
                }
            ]
        },
        {
            "label": "EstimatedTaxPenalty",
            "key": null,
            "value": [
                {
                    "page": 2,
                    "text": "1.500",
                    "boundingBoxes": [
                        [
                            0.6807987231948929,
                            0.49652444870565676,
                            0.7338989355957425,
                            0.4956578656243085,
                            0.7338989355957425,
                            0.5086842687513828,
                            0.6813627254509018,
                            0.5099841433734051
                        ]
                    ]
                }
            ]
        },
        {
            "label": "AllowDiscussionNo",
            "key": null,
            "value": [
                {
                    "page": 2,
                    "text": "selected",
                    "boundingBoxes": [
                        [
                            0.8191592766371065,
                            0.5266059443911792,
                            0.8363193452773812,
                            0.5266059443911792,
                            0.8363193452773812,
                            0.5396968803009071,
                            0.8191592766371065,
                            0.5396968803009071
                        ]
                    ]
                }
            ]
        },
        {
            "label": "AllowDiscussionYes",
            "key": null,
            "value": [
                {
                    "page": 2,
                    "text": "unselected",
                    "boundingBoxes": [
                        [
                            0.6565706262825052,
                            0.5269654841802492,
                            0.6733946935787744,
                            0.5269654841802492,
                            0.6733946935787744,
                            0.5396231285493029,
                            0.6565706262825052,
                            0.5396231285493029
                        ]
                    ]
                }
            ]
        },
        {
            "label": "Occupation",
            "key": null,
            "value": [
                {
                    "page": 2,
                    "text": "Chef",
                    "boundingBoxes": [
                        [
                            0.555374221496886,
                            0.6145825650859208,
                            0.6067824271297085,
                            0.615882439707943,
                            0.6056544226176905,
                            0.6323843941293605,
                            0.555374221496886,
                            0.6306420089977136
                        ]
                    ]
                }
            ]
        },
        {
            "label": "IdentityProtectionPIN",
            "key": null,
            "value": [
                {
                    "page": 2,
                    "text": "/",
                    "boundingBoxes": [
                        [
                            0.8197832791331165,
                            0.6193579910022863,
                            0.8259873039492159,
                            0.6193579910022863,
                            0.8259873039492159,
                            0.6323843941293605,
                            0.8197832791331165,
                            0.6323843941293605
                        ]
                    ]
                },
                {
                    "page": 2,
                    "text": "3",
                    "boundingBoxes": [
                        [
                            0.8389833559334238,
                            0.6193579910022863,
                            0.8451993807975233,
                            0.6193579910022863,
                            0.8451993807975233,
                            0.6328176856700346,
                            0.8389833559334238,
                            0.6328176856700346
                        ]
                    ]
                },
                {
                    "page": 2,
                    "text": "5",
                    "boundingBoxes": [
                        [
                            0.8570674282697132,
                            0.6193579910022863,
                            0.8632834531338126,
                            0.6193579910022863,
                            0.8632834531338126,
                            0.6332509772107087,
                            0.8570674282697132,
                            0.6332509772107087
                        ]
                    ]
                },
                {
                    "page": 2,
                    "text": "6",
                    "boundingBoxes": [
                        [
                            0.8762795051180206,
                            0.6193579910022863,
                            0.8824835299341198,
                            0.6193579910022863,
                            0.8819195276781108,
                            0.6336842687513828,
                            0.8762795051180206,
                            0.6336842687513828
                        ]
                    ]
                },
                {
                    "page": 2,
                    "text": "9",
                    "boundingBoxes": [
                        [
                            0.8960435841743367,
                            0.6193579910022863,
                            0.9022596090384362,
                            0.6197912825429603,
                            0.9016956067824272,
                            0.6336842687513828,
                            0.8954795819183278,
                            0.6336842687513828
                        ]
                    ]
                },
                {
                    "page": 2,
                    "text": "2",
                    "boundingBoxes": [
                        [
                            0.914691658766635,
                            0.6197912825429603,
                            0.9203436813747256,
                            0.6197912825429603,
                            0.9203436813747256,
                            0.6336842687513828,
                            0.9141276565106261,
                            0.6336842687513828
                        ]
                    ]
                }
            ]
        },
        {
            "label": "PhoneNumber",
            "key": null,
            "value": [
                {
                    "page": 2,
                    "text": "445",
                    "boundingBoxes": [
                        [
                            0.24463297853191415,
                            0.676653883029722,
                            0.2807891231564927,
                            0.6762205914890478,
                            0.2813531254125016,
                            0.6896710671878457,
                            0.24519698078792315,
                            0.6896710671878457
                        ]
                    ]
                },
                {
                    "page": 2,
                    "text": "692-",
                    "boundingBoxes": [
                        [
                            0.3107412429649719,
                            0.6762205914890478,
                            0.36327745310981246,
                            0.6753447894387491,
                            0.36327745310981246,
                            0.6888044841064974,
                            0.3113052452209809,
                            0.6892377756471716
                        ]
                    ]
                },
                {
                    "page": 2,
                    "text": "1154",
                    "boundingBoxes": [
                        [
                            0.37570950283801136,
                            0.6753447894387491,
                            0.4175176700706803,
                            0.674911497898075,
                            0.4175176700706803,
                            0.6883711925658234,
                            0.37570950283801136,
                            0.6888044841064974
                        ]
                    ]
                }
            ]
        },
        {
            "label": "Email",
            "key": null,
            "value": [
                {
                    "page": 2,
                    "text": "K.",
                    "boundingBoxes": [
                        [
                            0.5372901491605967,
                            0.674478206357401,
                            0.5576302305209221,
                            0.6740449148167268,
                            0.557066228264913,
                            0.6857622243528283,
                            0.5372901491605967,
                            0.6857622243528283
                        ]
                    ]
                },
                {
                    "page": 2,
                    "text": "torres",
                    "boundingBoxes": [
                        [
                            0.5604502418009673,
                            0.6740449148167268,
                            0.6073464293857176,
                            0.6740449148167268,
                            0.6073464293857176,
                            0.6857622243528283,
                            0.5598862395449582,
                            0.6857622243528283
                        ]
                    ]
                },
                {
                    "page": 2,
                    "text": "@",
                    "boundingBoxes": [
                        [
                            0.6113064452257809,
                            0.6740449148167268,
                            0.6203424813699255,
                            0.6740449148167268,
                            0.6203424813699255,
                            0.6857622243528283,
                            0.6113064452257809,
                            0.6857622243528283
                        ]
                    ]
                },
                {
                    "page": 2,
                    "text": "Some",
                    "boundingBoxes": [
                        [
                            0.6299425197700792,
                            0.6740449148167268,
                            0.6683666734666939,
                            0.674478206357401,
                            0.6683666734666939,
                            0.6857622243528283,
                            0.6299425197700792,
                            0.6857622243528283
                        ]
                    ]
                },
                {
                    "page": 2,
                    "text": ".",
                    "boundingBoxes": [
                        [
                            0.671186684746739,
                            0.674478206357401,
                            0.6790947163788655,
                            0.674911497898075,
                            0.6790947163788655,
                            0.6857622243528283,
                            0.6717506870027481,
                            0.6857622243528283
                        ]
                    ]
                },
                {
                    "page": 2,
                    "text": "com",
                    "boundingBoxes": [
                        [
                            0.6819267277069109,
                            0.674911497898075,
                            0.7073428293713175,
                            0.6753447894387491,
                            0.7073428293713175,
                            0.6857622243528283,
                            0.6819267277069109,
                            0.6857622243528283
                        ]
                    ]
                }
            ]
        },
        {
            "label": "SelfEmployed",
            "key": null,
            "value": [
                {
                    "page": 2,
                    "text": "unselected",
                    "boundingBoxes": [
                        [
                            0.8253873015492063,
                            0.7030477911350395,
                            0.8414553658214634,
                            0.7030477911350395,
                            0.8414553658214634,
                            0.7151799542739139,
                            0.8253873015492063,
                            0.7151799542739139
                        ]
                    ]
                }
            ]
        },
        {
            "label": "Dependents/First Dependent/ChildTaxCredit",
            "key": null,
            "value": [
                {
                    "page": 1,
                    "text": "unselected",
                    "boundingBoxes": [
                        [
                            0.7320359641320288,
                            0.3905996014289781,
                            0.7474817895521312,
                            0.3905996014289781,
                            0.7474817895521312,
                            0.4026944870464418,
                            0.7320359641320288,
                            0.4026944870464418
                        ]
                    ]
                }
            ]
        },
        {
            "label": "Dependents/First Dependent/CreditForOtherDependents",
            "key": null,
            "value": [
                {
                    "page": 1,
                    "text": "unselected",
                    "boundingBoxes": [
                        [
                            0.8601461643868549,
                            0.3916189881438897,
                            0.8754116883429093,
                            0.3916189881438897,
                            0.8754116883429093,
                            0.40302509895398064,
                            0.8601461643868549,
                            0.40302509895398064
                        ]
                    ]
                }
            ]
        },
        {
            "label": "Dependents/Second Dependent/ChildTaxCredit",
            "key": null,
            "value": [
                {
                    "page": 1,
                    "text": "unselected",
                    "boundingBoxes": [
                        [
                            0.7316753612039331,
                            0.405743463527078,
                            0.7469769454527971,
                            0.405743463527078,
                            0.7469769454527971,
                            0.4177648798317553,
                            0.7316753612039331,
                            0.4177648798317553
                        ]
                    ]
                }
            ]
        },
        {
            "label": "Dependents/Second Dependent/CreditForOtherDependents",
            "key": null,
            "value": [
                {
                    "page": 1,
                    "text": "unselected",
                    "boundingBoxes": [
                        [
                            0.8600139433132197,
                            0.40634958535756593,
                            0.8760367334182754,
                            0.40634958535756593,
                            0.8760367334182754,
                            0.41820569570847377,
                            0.8600139433132197,
                            0.41820569570847377
                        ]
                    ]
                }
            ]
        },
        {
            "label": "Dependents/Third Dependent/ChildTaxCredit",
            "key": null,
            "value": [
                {
                    "page": 1,
                    "text": "unselected",
                    "boundingBoxes": [
                        [
                            0.7317835420823617,
                            0.42067610135091704,
                            0.7470130057456066,
                            0.42067610135091704,
                            0.7470130057456066,
                            0.4325689463582181,
                            0.7317835420823617,
                            0.4325689463582181
                        ]
                    ]
                }
            ]
        },
        {
            "label": "Dependents/Third Dependent/CreditForOtherDependents",
            "key": null,
            "value": [
                {
                    "page": 1,
                    "text": "unselected",
                    "boundingBoxes": [
                        [
                            0.859845661946775,
                            0.42119957020452026,
                            0.8752313868788614,
                            0.42119957020452026,
                            0.8752313868788614,
                            0.432872007273462,
                            0.859845661946775,
                            0.432872007273462
                        ]
                    ]
                }
            ]
        },
        {
            "label": "Dependents/Fourth Dependent/ChildTaxCredit",
            "key": null,
            "value": [
                {
                    "page": 1,
                    "text": "unselected",
                    "boundingBoxes": [
                        [
                            0.7316873813015362,
                            0.4356822084875424,
                            0.7468086640863524,
                            0.4356822084875424,
                            0.7468086640863524,
                            0.44751076784615523,
                            0.7316873813015362,
                            0.44751076784615523
                        ]
                    ]
                }
            ]
        },
        {
            "label": "Dependents/Fourth Dependent/CreditForOtherDependents",
            "key": null,
            "value": [
                {
                    "page": 1,
                    "text": "unselected",
                    "boundingBoxes": [
                        [
                            0.8596773805803304,
                            0.4364077179513082,
                            0.8755439094165445,
                            0.4364077179513082,
                            0.8755439094165445,
                            0.44795158372287375,
                            0.8596773805803304,
                            0.44795158372287375
                        ]
                    ]
                }
            ]
        },
        {
            "label": "CharitableContribution",
            "key": null,
            "labelType": "region",
            "value": [
                {
                    "page": 1,
                    "text": "",
                    "boundingBoxes": [
                        [
                            0.6884344236805006,
                            0.6155102295129478,
                            0.744694869396983,
                            0.6155102295129478,
                            0.744694869396983,
                            0.6291156509295612,
                            0.6884344236805006,
                            0.6291156509295612
                        ]
                    ]
                }
            ]
        },
        {
            "label": "OverFourDependents",
            "key": null,
            "value": [
                {
                    "page": 1,
                    "text": "unselected",
                    "boundingBoxes": [
                        [
                            0.10934682789624252,
                            0.43099853979740843,
                            0.12550183907493329,
                            0.43099853979740843,
                            0.12550183907493329,
                            0.44321281304814997,
                            0.10934682789624252,
                            0.44321281304814997
                        ]
                    ]
                }
            ]
        },
        {
            "label": "PreparerPhoneNumber",
            "key": null,
            "labelType": "region",
            "value": [
                {
                    "page": 2,
                    "text": "",
                    "boundingBoxes": [
                        [
                            0.812033264361127,
                            0.720809792843691,
                            0.9313496029196627,
                            0.720809792843691,
                            0.9313496029196627,
                            0.7313021253699219,
                            0.812033264361127,
                            0.7313021253699219
                        ]
                    ]
                }
            ]
        },
        {
            "label": "DesigneePhoneNumber",
            "key": null,
            "labelType": "region",
            "value": [
                {
                    "page": 2,
                    "text": "",
                    "boundingBoxes": [
                        [
                            0.5233647550008212,
                            0.5427091822753773,
                            0.6867686477162035,
                            0.5427091822753773,
                            0.6867686477162035,
                            0.5628867448258212,
                            0.5233647550008212,
                            0.5628867448258212
                        ]
                    ]
                }
            ]
        }
    ],
    "labelingState": 2
}